"id","name","pitches","rv_tot","pct_tot","rv_11","pct_11","rv_12","pct_12","rv_13","pct_13","rv_14","pct_14","rv_16","pct_16","rv_17","pct_17","rv_18","pct_18","rv_19","pct_19"
641680,"Heim, Jonah",8437,2.6081152091528184,0.46998722860791825,1,0.21978021978021978,-2,0.4263322884012539,1,0.2932330827067669,3,0.6157894736842106,1,0.662704309063893,-1,0.2896174863387978,-1,0.47976011994003,0,0.21481481481481482
543510,"McCann, James",4641,-3.40816859042116,0.4477033757609297,0,0.25773195876288657,0,0.49159663865546216,0,0.26732673267326734,-1,0.540625,-2,0.5895061728395061,0,0.2719298245614035,0,0.5235602094240838,-1,0.19480519480519481
656577,"Jackson, Alex",3399,2.7773831458351923,0.5096227867590454,0,0.1125,1,0.5392156862745098,0,0.2619047619047619,-2,0.5555555555555556,3,0.7162162162162162,-1,0.1702127659574468,0,0.5840336134453782,2,0.296
686780,"Pagés, Pedro",4375,-2.913243568061216,0.45847362514029183,1,0.23076923076923078,0,0.48627450980392156,0,0.17073170731707318,0,0.6296296296296297,-1,0.6134663341645885,-1,0.296,0,0.4700854700854701,-1,0.1878453038674033
624431,"Trevino, Jose",5076,11.327131341614928,0.5084745762711864,1,0.23275862068965517,-1,0.4717741935483871,0,0.17525773195876287,2,0.6070287539936102,4,0.7451523545706371,1,0.3389830508474576,1,0.5257452574525745,2,0.3671497584541063
575929,"Contreras, Willson",3613,-2.708682468099565,0.4410919540229885,0,0.1282051282051282,1,0.5257731958762887,0,0.19791666666666666,0,0.6231884057971014,-1,0.5923344947735192,0,0.30120481927710846,-1,0.45263157894736844,-1,0.18518518518518517
621512,"Nido, Tomás",2972,-0.35379051197162786,0.45654008438818566,-1,0.1111111111111111,0,0.48,0,0.24390243902439024,-2,0.4228571428571429,4,0.7706766917293233,0,0.28378378378378377,-1,0.45248868778280543,0,0.25225225225225223
455117,"Maldonado, Martín",3577,-4.968790963972832,0.42350332594235035,0,0.15384615384615385,-1,0.42990654205607476,0,0.26744186046511625,-1,0.53,1,0.6720257234726688,0,0.2054794520547945,-2,0.3755656108597285,0,0.19745222929936307
672386,"Kirk, Alejandro",6497,11.853144200113034,0.4980665119876257,1,0.2171945701357466,1,0.5068493150684932,0,0.21904761904761905,5,0.6730038022813688,0,0.6123711340206186,1,0.3463414634146341,4,0.559748427672956,1,0.2909090909090909
521692,"Perez, Salvador",6715,5.0006519326208725,0.478210566910914,0,0.18579234972677597,-1,0.459546925566343,-1,0.19090909090909092,1,0.5979591836734693,1,0.6659751037344398,1,0.37628865979381443,3,0.5098039215686274,1,0.26515151515151514
680777,"Jeffers, Ryan",5834,-8.066911932939155,0.44522348816827345,0,0.1921182266009852,0,0.5045592705167173,0,0.19166666666666668,-3,0.5566265060240964,-2,0.594847775175644,-1,0.3103448275862069,0,0.5178571428571429,-1,0.15625
518595,"d'Arnaud, Travis",5837,-1.7092745979673933,0.4708803611738149,0,0.2185430463576159,0,0.5160142348754448,0,0.20491803278688525,0,0.5873362445414847,-2,0.6407322654462243,0,0.2824427480916031,1,0.5108958837772397,-1,0.19369369369369369
663886,"Stephenson, Tyler",8469,-4.444086630627469,0.4447431302270012,0,0.20155038759689922,3,0.5189309576837416,2,0.3230769230769231,-3,0.5520504731861199,0,0.6752577319587629,-2,0.2119815668202765,-4,0.4341906202723147,-1,0.1846590909090909
668939,"Rutschman, Adley",7577,1.2649450380924179,0.46013513513513515,3,0.329004329004329,4,0.5399515738498789,2,0.3352941176470588,3,0.6175496688741722,-2,0.6507936507936508,-1,0.26262626262626265,-5,0.38517179023508136,-3,0.13937282229965156
642136,"Thaiss, Matt",2926,-5.328271248741344,0.4237435008665511,0,0.23376623376623376,-1,0.4444444444444444,0,0.19298245614035087,0,0.575,-2,0.5879396984924623,0,0.25,-1,0.44081632653061226,-1,0.144
663743,"Fortes, Nick",7692,1.2513298302906661,0.4646153846153846,1,0.22566371681415928,-2,0.41543026706231456,-1,0.2076923076923077,0,0.5700787401574803,-1,0.6433260393873085,2,0.328,4,0.5273865414710485,0,0.26294820717131473
666163,"Rortvedt, Ben",6418,2.3682149810079633,0.468328565590519,-2,0.125,1,0.5258620689655172,0,0.20689655172413793,-2,0.5487528344671202,3,0.6800804828973843,-1,0.2695035460992908,-1,0.4872389791183295,3,0.315018315018315
660688,"Ruiz, Keibert",8091,-3.0359553856056616,0.44969658256148193,0,0.192090395480226,1,0.45691906005221933,0,0.25125628140703515,2,0.611214953271028,-2,0.666131621187801,-1,0.22448979591836735,-3,0.44200626959247646,-2,0.20921985815602837
668670,"Rogers, Jake",6004,8.896994265977817,0.508481764206955,0,0.19014084507042253,1,0.5236363636363637,1,0.26785714285714285,0,0.6067146282973621,-1,0.6430205949656751,2,0.3655913978494624,6,0.5970425138632163,1,0.29435483870967744
661388,"Contreras, William",8899,3.060091485417615,0.479382889200561,-1,0.15418502202643172,-2,0.43672456575682383,0,0.2529411764705882,0,0.5937961595273265,-1,0.6681547619047619,1,0.3481781376518219,4,0.541838134430727,2,0.27954545454545454
643376,"Jansen, Danny",5669,-3.870464505274008,0.43394495412844036,0,0.20454545454545456,-1,0.47692307692307695,-1,0.16535433070866143,1,0.5954773869346733,0,0.6352941176470588,0,0.27380952380952384,-3,0.38660907127429806,-1,0.2028985507246377
592200,"Casali, Curt",2950,-1.638844418536275,0.4708904109589041,1,0.25,0,0.4774193548387097,0,0.21568627450980393,1,0.6182572614107884,-1,0.6445497630331753,0,0.29591836734693877,0,0.5285714285714286,-1,0.15789473684210525
543309,"Higashioka, Kyle",5607,1.029061157552147,0.471115091804747,0,0.1676300578034682,0,0.4647887323943662,0,0.2204724409448819,-2,0.5793269230769231,0,0.6653061224489796,0,0.31007751937984496,2,0.547486033519553,1,0.234375
686676,"Lee, Korey",7829,-7.89740934082074,0.43043478260869567,0,0.1896551724137931,-1,0.45454545454545453,-1,0.13690476190476192,1,0.600418410041841,-3,0.6061643835616438,-1,0.23076923076923078,0,0.48677248677248675,-1,0.19254658385093168
669134,"Campusano, Luis",5676,-7.511141440607653,0.44043151969981237,-1,0.17687074829931973,0,0.496551724137931,-1,0.20863309352517986,-5,0.4672364672364672,2,0.6906474820143885,-1,0.2517985611510791,-1,0.48120300751879697,1,0.244
620443,"Torrens, Luis",2629,0.2771810856949239,0.4894472361809045,0,0.1917808219178082,0,0.5307692307692308,0,0.10256410256410256,0,0.64,0,0.664804469273743,0,0.3291139240506329,1,0.5345622119815668,0,0.2621359223300971
669224,"Wells, Austin",7555,10.79404576352603,0.4901750625223294,1,0.22065727699530516,0,0.4953271028037383,0,0.23618090452261306,1,0.5779092702169625,1,0.6788685524126455,1,0.31891891891891894,3,0.5628865979381443,2,0.2986111111111111
669257,"Smith, Will",8902,-7.860158743930775,0.4362259755387303,0,0.19696969696969696,-1,0.4722222222222222,0,0.20930232558139536,0,0.5702341137123745,-3,0.6245791245791246,-1,0.28,-1,0.4679399727148704,-3,0.1868421052631579
543877,"Vázquez, Christian",6033,8.797754947324691,0.4917534722222222,0,0.17415730337078653,2,0.5370370370370371,0,0.29605263157894735,1,0.6380208333333334,4,0.728421052631579,0,0.27906976744186046,-1,0.4481132075471698,1,0.2773109243697479
666310,"Naylor, Bo",7527,10.510721640091251,0.4950223137658771,2,0.244,1,0.4942857142857143,0,0.20118343195266272,5,0.6618181818181819,1,0.6836065573770492,1,0.33668341708542715,1,0.5056818181818182,0,0.22957198443579765
595978,"Hedges, Austin",3432,7.63727990821264,0.5129918337045286,1,0.31645569620253167,1,0.5182926829268293,0,0.2054794520547945,1,0.6231884057971014,2,0.6911764705882353,0,0.28421052631578947,2,0.5658914728682171,0,0.25384615384615383
592663,"Realmuto, J.T.",7228,-7.070070330285621,0.45207892882311485,-1,0.13227513227513227,-4,0.38023952095808383,-2,0.12295081967213115,2,0.6153846153846154,-2,0.6348314606741573,2,0.33884297520661155,1,0.5198019801980198,-2,0.18705035971223022
624512,"McGuire, Reese",2986,2.3337579397847703,0.5033222591362126,0,0.24390243902439024,-1,0.44871794871794873,0,0.2619047619047619,-1,0.6101694915254238,0,0.6648648648648648,0,0.3333333333333333,1,0.631578947368421,2,0.2708333333333333
518735,"Grandal, Yasmani",4682,6.489738095395952,0.48752711496746204,-1,0.12280701754385964,0,0.4860557768924303,1,0.29292929292929293,-3,0.4748427672955975,5,0.7061611374407583,0,0.34065934065934067,0,0.5213414634146342,3,0.3755656108597285
663728,"Raleigh, Cal",8705,12.694350881274977,0.49119201409277746,1,0.22426470588235295,4,0.5504587155963303,2,0.3018867924528302,1,0.6086235489220564,5,0.6844262295081968,0,0.296875,-2,0.4627831715210356,1,0.2844574780058651
668832,"McCann, Kyle",2697,-4.595632608629341,0.4488330341113106,0,0.13636363636363635,-1,0.4230769230769231,0,0.2127659574468085,-1,0.5560975609756098,0,0.6596638655462185,0,0.3283582089552239,-2,0.4630541871921182,-1,0.22727272727272727
542194,"Bethancourt, Christian",3451,-4.16552797723932,0.45182972367438384,0,0.20652173913043478,-1,0.45226130653266333,0,0.2898550724637681,1,0.6597510373443983,0,0.6804979253112033,0,0.24761904761904763,-3,0.41825095057034223,-1,0.13178294573643412
672275,"Bailey, Patrick",8127,22.434106611363948,0.5256450108797016,1,0.2328767123287671,4,0.5735930735930735,1,0.2837209302325581,4,0.6442141623488774,4,0.7059639389736477,1,0.3076923076923077,4,0.5491452991452992,3,0.32228915662650603
571912,"Maile, Luke",3196,-6.703724499105045,0.4067253803042434,-1,0.09782608695652174,2,0.5227272727272727,1,0.2823529411764706,-3,0.48,1,0.6956521739130435,-1,0.15789473684210525,-4,0.358974358974359,-1,0.11278195488721804
607732,"Stallings, Jacob",5425,-6.033456275895816,0.427705223880597,0,0.13690476190476192,-1,0.45982142857142855,-1,0.18478260869565216,-1,0.5717884130982368,-1,0.649746192893401,-1,0.24358974358974358,-2,0.4209354120267261,1,0.24242424242424243
657136,"Wong, Connor",7226,-8.228743061185702,0.45467224546722457,-2,0.12149532710280374,-2,0.4642857142857143,0,0.20175438596491227,-3,0.5525812619502868,2,0.6850828729281768,-1,0.3240223463687151,-1,0.48966613672496023,-1,0.19536423841059603
669221,"Murphy, Sean",4818,-1.0481103658827595,0.4693347193347193,-1,0.12871287128712872,-2,0.43859649122807015,0,0.2222222222222222,-1,0.5461741424802111,1,0.6937669376693767,1,0.30434782608695654,1,0.5492227979274611,0,0.21904761904761905
681351,"O'Hoppe, Logan",9329,0.9749902180839026,0.4486626402070751,2,0.2490272373540856,2,0.48201438848920863,0,0.2233502538071066,5,0.6180981595092024,-5,0.5743589743589743,2,0.32608695652173914,-1,0.46114649681528663,-2,0.19480519480519481
682626,"Alvarez, Francisco",6344,7.103772107392139,0.4763912310286678,-1,0.15384615384615385,0,0.48253968253968255,0,0.24475524475524477,-2,0.5251641137855579,2,0.6701461377870563,1,0.37267080745341613,3,0.5480769230769231,2,0.3013698630136986
669127,"Langeliers, Shea",9435,-9.561815935015922,0.4398261342026623,0,0.1888111888111888,2,0.505175983436853,1,0.2523809523809524,0,0.5952732644017725,0,0.6653171390013495,-2,0.19736842105263158,-6,0.39069767441860465,-5,0.18248175182481752
673237,"Diaz, Yainer",7904,-3.3737623728165023,0.4510454696315964,0,0.19736842105263158,4,0.5428571428571428,1,0.2660098522167488,2,0.6161616161616161,-1,0.6252045826513911,-2,0.22123893805309736,-6,0.4022140221402214,-1,0.22924901185770752
666023,"Fermin, Freddy",5631,-0.17175607408421384,0.4774049217002237,-2,0.1388888888888889,-3,0.3849056603773585,-1,0.19090909090909092,-2,0.5707865168539326,1,0.6708542713567839,0,0.2698412698412698,6,0.6393805309734514,2,0.27155172413793105
672515,"Moreno, Gabriel",6050,2.27601933829715,0.47413793103448276,0,0.1787709497206704,-2,0.37142857142857144,-1,0.16,0,0.6069651741293532,-1,0.6553191489361702,1,0.3617021276595745,5,0.5890652557319224,0,0.2230769230769231
663698,"Bart, Joey",4741,-4.714990250279798,0.4365291912158543,-2,0.08843537414965986,-2,0.391304347826087,1,0.3163265306122449,-4,0.4837837837837838,3,0.6914893617021277,-1,0.19827586206896552,0,0.5,1,0.27
656180,"Adams, Riley",2756,-3.960774401459559,0.41545454545454547,-1,0.0684931506849315,-2,0.41304347826086957,-1,0.11538461538461539,-1,0.5300546448087432,-2,0.5759162303664922,1,0.3559322033898305,1,0.5,0,0.26804123711340205
605131,"Barnes, Austin",3051,0.29067220163597524,0.4513888888888889,-1,0.125,-1,0.39622641509433965,-1,0.10714285714285714,0,0.583756345177665,1,0.6633663366336634,0,0.2112676056338028,2,0.5220588235294118,1,0.3177570093457944
608348,"Kelly, Carson",5863,2.520479982347007,0.4856614246068455,-1,0.15602836879432624,-2,0.40789473684210525,0,0.3181818181818182,1,0.6420581655480985,0,0.6893491124260355,1,0.3516483516483517,2,0.5217391304347826,1,0.25984251968503935
553869,"Díaz, Elias",5337,2.279428818514035,0.4697325199436884,3,0.3160919540229885,4,0.5752508361204013,1,0.32710280373831774,6,0.6652631578947369,-4,0.6158038147138964,-1,0.22388059701492538,-4,0.37066666666666664,-2,0.14
596117,"Stubbs, Garrett",3531,-3.0162369427283924,0.43800440205429203,-1,0.11764705882352941,-2,0.3546099290780142,-1,0.08823529411764706,-1,0.556420233463035,0,0.611336032388664,0,0.2677165354330709,2,0.5290519877675841,0,0.25
645444,"Herrera, Jose",2549,1.9264521316392824,0.4847560975609756,0,0.14893617021276595,1,0.5288461538461539,0,0.2826086956521739,-1,0.5851063829787234,0,0.6515837104072398,0,0.3064516129032258,-1,0.46601941747572817,1,0.3
665804,"Amaya, Miguel",7613,-3.498488424831969,0.4590058102001291,1,0.2702702702702703,2,0.524547803617571,0,0.22085889570552147,-2,0.5580645161290323,-4,0.6229205175600739,-1,0.2714285714285714,-1,0.4896,0,0.23333333333333334
605170,"Caratini, Victor",4097,2.6371535762438816,0.49051833122629585,0,0.19626168224299065,1,0.5222222222222223,0,0.29357798165137616,1,0.6535714285714286,1,0.6853582554517134,0,0.3,0,0.4782608695652174,0,0.2517482517482518
671056,"Herrera, Iván",3921,0.4451220858063456,0.4752411575562701,0,0.17346938775510204,-2,0.4271356783919598,-1,0.13953488372093023,1,0.6366906474820144,-1,0.6253968253968254,1,0.34,2,0.5566666666666666,1,0.27932960893854747