"last_name, first_name","player_id","year","pa","bip","ba","est_ba","est_ba_minus_ba_diff","slg","est_slg","est_slg_minus_slg_diff","woba","est_woba","est_woba_minus_woba_diff"
"Semien, Marcus","543760","2023","753","565",0.276,0.258,0.018000000000000016,0.478,0.434,0.043999999999999984,0.354,0.335,0.01899999999999996
"Acuña Jr., Ronald","660670","2023","735","562",0.337,0.351,-0.013999999999999957,0.596,0.668,-0.07200000000000006,0.428,0.461,-0.03300000000000003
"Freeman, Freddie","518692","2023","730","521",0.331,0.315,0.016000000000000014,0.567,0.567,0,0.411,0.405,0.00599999999999995
"Lowe, Nathaniel","663993","2023","724","461",0.262,0.259,0.0030000000000000027,0.414,0.408,0.006000000000000005,0.34,0.339,0.0010000000000000009
"Bregman, Alex","608324","2023","724","537",0.262,0.263,-0.0010000000000000009,0.441,0.44,0.0010000000000000009,0.351,0.353,-0.0020000000000000018
"Schwarber, Kyle","656941","2023","720","373",0.197,0.213,-0.015999999999999986,0.474,0.487,-0.013000000000000012,0.35,0.362,-0.01200000000000001
"Olson, Matt","621566","2023","720","445",0.283,0.262,0.020999999999999963,0.604,0.572,0.03200000000000003,0.413,0.396,0.01699999999999996
"Kwan, Steven","680757","2023","718","570",0.268,0.281,-0.013000000000000012,0.37,0.362,0.008000000000000007,0.313,0.319,-0.006000000000000005
"Riley, Austin","663586","2023","715","475",0.281,0.268,0.013000000000000012,0.516,0.524,-0.008000000000000007,0.363,0.366,-0.0030000000000000027
"Rodríguez, Julio","677594","2023","714","481",0.275,0.263,0.01200000000000001,0.485,0.47,0.015000000000000013,0.347,0.338,0.008999999999999952
"Soto, Juan","665742","2023","708","445",0.275,0.279,-0.0040000000000000036,0.519,0.539,-0.020000000000000018,0.395,0.407,-0.011999999999999955
"Witt Jr., Bobby","677951","2023","694","529",0.276,0.289,-0.012999999999999956,0.495,0.534,-0.039000000000000035,0.343,0.368,-0.024999999999999967
"Suárez, Eugenio","553993","2023","694","395",0.232,0.218,0.014000000000000012,0.391,0.421,-0.02999999999999997,0.313,0.323,-0.010000000000000009
"Betts, Mookie","605141","2023","693","482",0.307,0.288,0.019000000000000017,0.579,0.572,0.007000000000000006,0.416,0.408,0.008000000000000007
"Turner, Trea","607208","2023","691","490",0.266,0.263,0.0030000000000000027,0.459,0.453,0.006000000000000005,0.333,0.331,0.0020000000000000018
"Ramírez, José","608070","2023","691","544",0.282,0.296,-0.014000000000000012,0.475,0.486,-0.01100000000000001,0.346,0.361,-0.015000000000000013
"Happ, Ian","664023","2023","691","433",0.248,0.249,-0.0010000000000000009,0.431,0.427,0.0040000000000000036,0.345,0.349,-0.0040000000000000036
"Hoerner, Nico","663538","2023","688","542",0.283,0.272,0.010999999999999954,0.383,0.361,0.02200000000000002,0.322,0.313,0.009000000000000008
"Goldschmidt, Paul","502671","2023","687","435",0.268,0.264,0.0040000000000000036,0.447,0.491,-0.043999999999999984,0.35,0.365,-0.015000000000000013
"Lindor, Francisco","596019","2023","687","472",0.254,0.25,0.0040000000000000036,0.47,0.462,0.007999999999999952,0.346,0.345,0.0010000000000000009
"Rutschman, Adley","668939","2023","687","492",0.277,0.289,-0.011999999999999955,0.435,0.473,-0.03799999999999998,0.352,0.374,-0.02200000000000002
"Torkelson, Spencer","679529","2023","684","440",0.233,0.245,-0.011999999999999983,0.446,0.489,-0.04299999999999998,0.326,0.349,-0.022999999999999965
"Springer, George","543807","2023","683","491",0.258,0.258,0,0.405,0.421,-0.01599999999999996,0.32,0.33,-0.010000000000000009
"Thomas, Lane","657041","2023","682","459",0.268,0.25,0.018000000000000016,0.468,0.439,0.029000000000000026,0.334,0.319,0.015000000000000013
"Nimmo, Brandon","607043","2023","682","451",0.274,0.257,0.017000000000000015,0.466,0.458,0.008000000000000007,0.359,0.352,0.007000000000000006
"Guerrero Jr., Vladimir","665489","2023","682","506",0.264,0.295,-0.030999999999999972,0.444,0.51,-0.066,0.34,0.38,-0.03999999999999998
"Hernández, Teoscar","606192","2023","678","421",0.258,0.251,0.007000000000000006,0.435,0.478,-0.04299999999999998,0.317,0.334,-0.017000000000000015
"Tucker, Kyle","663656","2023","674","492",0.284,0.287,-0.0030000000000000027,0.517,0.533,-0.016000000000000014,0.372,0.386,-0.014000000000000012
"Torres, Gleyber","650402","2023","672","504",0.273,0.28,-0.007000000000000006,0.453,0.484,-0.030999999999999972,0.346,0.363,-0.017000000000000015
"Castellanos, Nick","592206","2023","671","447",0.272,0.255,0.017000000000000015,0.476,0.449,0.02699999999999997,0.335,0.322,0.013000000000000012
"Bogaerts, Xander","593428","2023","665","492",0.285,0.252,0.032999999999999974,0.44,0.4,0.03999999999999998,0.343,0.317,0.026000000000000023
"Steer, Spencer","668715","2023","665","447",0.271,0.248,0.02300000000000002,0.464,0.417,0.04700000000000004,0.355,0.332,0.022999999999999965
"France, Ty","664034","2023","665","471",0.25,0.264,-0.014000000000000012,0.366,0.421,-0.05499999999999999,0.315,0.34,-0.025000000000000022
"Walker, Christian","572233","2023","661","463",0.258,0.247,0.01100000000000001,0.497,0.465,0.03199999999999997,0.351,0.34,0.010999999999999954
"Albies, Ozzie","645277","2023","660","497",0.28,0.263,0.017000000000000015,0.513,0.474,0.039000000000000035,0.358,0.341,0.01699999999999996
"Alonso, Pete","624413","2023","658","421",0.217,0.242,-0.024999999999999994,0.504,0.534,-0.030000000000000027,0.346,0.369,-0.02300000000000002
"Meneses, Joey","608841","2023","657","484",0.275,0.244,0.031000000000000028,0.401,0.365,0.03600000000000003,0.314,0.289,0.025000000000000022
"Devers, Rafael","646240","2023","656","457",0.271,0.276,-0.0050000000000000044,0.5,0.544,-0.04400000000000004,0.359,0.38,-0.02100000000000002
"Santander, Anthony","623993","2023","656","443",0.257,0.232,0.024999999999999994,0.472,0.431,0.04099999999999998,0.34,0.319,0.02100000000000002
"Arozarena, Randy","668227","2023","654","400",0.254,0.234,0.01999999999999999,0.425,0.434,-0.009000000000000008,0.347,0.347,0
"Marte, Ketel","606466","2023","650","465",0.276,0.262,0.014000000000000012,0.485,0.43,0.05499999999999999,0.361,0.342,0.01899999999999996
"McNeil, Jeff","643446","2023","648","526",0.27,0.249,0.02100000000000002,0.378,0.346,0.03200000000000003,0.314,0.296,0.018000000000000016
"Carroll, Corbin","682998","2023","645","450",0.285,0.264,0.020999999999999963,0.506,0.445,0.061,0.37,0.345,0.025000000000000022
"Reynolds, Bryan","668804","2023","640","442",0.263,0.275,-0.01200000000000001,0.46,0.493,-0.032999999999999974,0.338,0.359,-0.020999999999999963
"Stott, Bryson","681082","2023","640","494",0.28,0.265,0.015000000000000013,0.419,0.393,0.025999999999999968,0.323,0.311,0.01200000000000001
"Crawford, J.P.","641487","2023","638","414",0.266,0.257,0.009000000000000008,0.438,0.39,0.04799999999999999,0.359,0.341,0.01799999999999996
"Adames, Willy","642715","2023","638","394",0.217,0.234,-0.017000000000000015,0.407,0.435,-0.028000000000000025,0.311,0.333,-0.02200000000000002
"Swanson, Dansby","621020","2023","638","413",0.244,0.249,-0.0050000000000000044,0.416,0.461,-0.04500000000000004,0.325,0.344,-0.01899999999999996
"Tatis Jr., Fernando","665487","2023","635","438",0.257,0.276,-0.019000000000000017,0.449,0.513,-0.064,0.332,0.363,-0.030999999999999972
"Peña, Jeremy","665161","2023","634","450",0.263,0.261,0.0020000000000000018,0.381,0.377,0.0040000000000000036,0.31,0.309,0.0010000000000000009
"Yelich, Christian","592885","2023","632","411",0.278,0.272,0.006000000000000005,0.447,0.455,-0.008000000000000007,0.353,0.356,-0.0030000000000000027
"García, Adolis","666969","2023","632","386",0.245,0.245,0,0.508,0.529,-0.02100000000000002,0.354,0.365,-0.01100000000000001
"McMahon, Ryan","641857","2023","627","360",0.24,0.241,-0.0010000000000000009,0.431,0.445,-0.014000000000000012,0.325,0.334,-0.009000000000000008
"Turner, Justin","457759","2023","626","454",0.276,0.258,0.018000000000000016,0.455,0.453,0.0020000000000000018,0.346,0.338,0.007999999999999952
"De La Cruz, Bryan","650559","2023","626","442",0.257,0.267,-0.010000000000000009,0.411,0.446,-0.03500000000000003,0.309,0.33,-0.02100000000000002
"Kim, Ha-Seong","673490","2023","626","424",0.26,0.242,0.018000000000000016,0.398,0.362,0.03600000000000003,0.33,0.312,0.018000000000000016
"Henderson, Gunnar","683002","2023","622","404",0.255,0.257,-0.0020000000000000018,0.489,0.479,0.010000000000000009,0.346,0.346,0
"Benintendi, Andrew","643217","2023","621","477",0.262,0.267,-0.0050000000000000044,0.356,0.379,-0.02300000000000002,0.299,0.311,-0.01200000000000001
"Santana, Carlos","467793","2023","619","450",0.24,0.237,0.0030000000000000027,0.429,0.383,0.045999999999999985,0.323,0.309,0.014000000000000012
"Arraez, Luis","650333","2023","617","544",0.354,0.327,0.02699999999999997,0.469,0.461,0.007999999999999952,0.369,0.355,0.014000000000000012
"Bell, Josh","605137","2023","617","416",0.247,0.257,-0.010000000000000009,0.419,0.459,-0.040000000000000036,0.323,0.343,-0.020000000000000018
"Giménez, Andrés","665926","2023","616","452",0.251,0.241,0.010000000000000009,0.399,0.371,0.028000000000000025,0.309,0.297,0.01200000000000001
"Tovar, Ezequiel","678662","2023","615","420",0.253,0.243,0.010000000000000009,0.408,0.389,0.01899999999999996,0.298,0.29,0.008000000000000007
"Vaughn, Andrew","683734","2023","615","439",0.258,0.247,0.01100000000000001,0.429,0.43,-0.0010000000000000009,0.321,0.319,0.0020000000000000018
"Abrams, CJ","682928","2023","614","451",0.245,0.243,0.0020000000000000018,0.412,0.402,0.009999999999999953,0.306,0.304,0.0020000000000000018
"Arenado, Nolan","571448","2023","612","467",0.266,0.262,0.0040000000000000036,0.459,0.439,0.020000000000000018,0.327,0.32,0.007000000000000006
"Contreras, William","661388","2023","611","417",0.289,0.247,0.04199999999999998,0.457,0.434,0.02300000000000002,0.357,0.332,0.024999999999999967
"Bohm, Alec","664761","2023","611","470",0.274,0.286,-0.011999999999999955,0.437,0.456,-0.019000000000000017,0.329,0.344,-0.014999999999999958
"Melendez, MJ","669004","2023","602","367",0.235,0.231,0.003999999999999976,0.398,0.439,-0.04099999999999998,0.31,0.326,-0.016000000000000014
"Verdugo, Alex","657077","2023","602","458",0.264,0.274,-0.010000000000000009,0.421,0.42,0.0010000000000000009,0.322,0.331,-0.009000000000000008
"Volpe, Anthony","683011","2023","601","377",0.209,0.228,-0.019000000000000017,0.383,0.402,-0.019000000000000017,0.29,0.308,-0.018000000000000016
"Machado, Manny","592518","2023","601","440",0.258,0.25,0.008000000000000007,0.462,0.466,-0.0040000000000000036,0.334,0.335,-0.0010000000000000009
"Bichette, Bo","666182","2023","601","457",0.306,0.302,0.0040000000000000036,0.475,0.497,-0.02200000000000002,0.349,0.357,-0.008000000000000007
"Díaz, Yandy","650490","2023","600","433",0.33,0.301,0.029000000000000026,0.522,0.495,0.027000000000000024,0.402,0.385,0.017000000000000015
"Ohtani, Shohei","660271","2023","599","357",0.304,0.29,0.014000000000000012,0.654,0.647,0.007000000000000006,0.433,0.428,0.0050000000000000044
"Robert Jr., Luis","673357","2023","595","376",0.264,0.256,0.008000000000000007,0.542,0.516,0.026000000000000023,0.358,0.347,0.01100000000000001
"Abreu, José","547989","2023","594","416",0.237,0.245,-0.008000000000000007,0.383,0.416,-0.032999999999999974,0.295,0.316,-0.02100000000000002
"Gurriel Jr., Lourdes","666971","2023","592","450",0.261,0.259,0.0020000000000000018,0.463,0.444,0.019000000000000017,0.329,0.325,0.0040000000000000036
"Ozuna, Marcell","542303","2023","592","398",0.274,0.277,-0.0030000000000000027,0.558,0.585,-0.026999999999999913,0.381,0.395,-0.014000000000000012
"Merrifield, Whit","593160","2023","592","452",0.272,0.241,0.031000000000000028,0.382,0.34,0.04199999999999998,0.304,0.278,0.025999999999999968
"Smith, Dominic","642086","2023","586","438",0.254,0.254,0,0.366,0.403,-0.03700000000000003,0.306,0.321,-0.015000000000000013
"Suzuki, Seiya","673548","2023","583","392",0.285,0.278,0.006999999999999951,0.485,0.475,0.010000000000000009,0.358,0.357,0.0010000000000000009
"Varsho, Daulton","662139","2023","581","396",0.22,0.229,-0.009000000000000008,0.389,0.398,-0.009000000000000008,0.293,0.302,-0.009000000000000008
"Chapman, Matt","656305","2023","581","346",0.24,0.222,0.017999999999999988,0.424,0.461,-0.03700000000000003,0.328,0.336,-0.008000000000000007
"Yoshida, Masataka","807799","2023","580","458",0.289,0.268,0.020999999999999963,0.445,0.428,0.017000000000000015,0.339,0.325,0.014000000000000012
"Correa, Carlos","621043","2023","580","386",0.23,0.245,-0.014999999999999986,0.399,0.421,-0.021999999999999964,0.309,0.327,-0.018000000000000016
"Perez, Salvador","521692","2023","580","411",0.255,0.262,-0.007000000000000006,0.422,0.465,-0.04300000000000004,0.302,0.326,-0.02400000000000002
"Soler, Jorge","624585","2023","580","367",0.25,0.258,-0.008000000000000007,0.512,0.539,-0.027000000000000024,0.361,0.374,-0.013000000000000012
"Muncy, Max","571970","2023","579","335",0.212,0.23,-0.018000000000000016,0.475,0.506,-0.031000000000000028,0.344,0.362,-0.018000000000000016
"Candelario, Jeimer","600869","2023","576","382",0.251,0.231,0.01999999999999999,0.471,0.407,0.064,0.346,0.318,0.02799999999999997
"Paredes, Isaac","670623","2023","571","389",0.25,0.228,0.021999999999999992,0.488,0.374,0.11399999999999999,0.362,0.316,0.045999999999999985
"Raleigh, Cal","663728","2023","569","356",0.232,0.229,0.0030000000000000027,0.456,0.468,-0.01200000000000001,0.326,0.329,-0.0030000000000000027
"Outman, James","681546","2023","567","306",0.248,0.225,0.022999999999999993,0.437,0.395,0.04199999999999998,0.344,0.324,0.019999999999999962
"Hays, Austin","669720","2023","566","384",0.275,0.238,0.03700000000000003,0.444,0.425,0.019000000000000017,0.33,0.309,0.02100000000000002
"LeMahieu, DJ","518934","2023","562","374",0.243,0.252,-0.009000000000000008,0.39,0.394,-0.0040000000000000036,0.315,0.322,-0.007000000000000006
"Ruiz, Keibert","660688","2023","562","467",0.26,0.271,-0.01100000000000001,0.409,0.427,-0.018000000000000016,0.31,0.322,-0.01200000000000001
"Friedl, TJ","670770","2023","556","409",0.279,0.234,0.04500000000000001,0.467,0.32,0.14700000000000002,0.353,0.287,0.066
"Bellinger, Cody","641355","2023","556","424",0.307,0.263,0.043999999999999984,0.525,0.432,0.09300000000000003,0.37,0.325,0.044999999999999984
"Grisham, Trent","663757","2023","555","320",0.198,0.211,-0.012999999999999984,0.352,0.404,-0.052000000000000046,0.299,0.322,-0.02300000000000002
"Smith, Will","669257","2023","554","387",0.261,0.255,0.006000000000000005,0.438,0.436,0.0020000000000000018,0.345,0.35,-0.0050000000000000044
"Taveras, Leody","665750","2023","554","401",0.266,0.266,0,0.421,0.413,0.008000000000000007,0.316,0.32,-0.0040000000000000036
"Renfroe, Hunter","592669","2023","548","376",0.233,0.221,0.01200000000000001,0.416,0.37,0.045999999999999985,0.308,0.289,0.019000000000000017
"Báez, Javier","595879","2023","547","388",0.222,0.232,-0.010000000000000009,0.325,0.36,-0.034999999999999976,0.261,0.281,-0.020000000000000018
"Harper, Bryce","547180","2023","546","342",0.293,0.282,0.01100000000000001,0.499,0.53,-0.031000000000000028,0.384,0.396,-0.01200000000000001
"Davis, J.D.","605204","2023","546","334",0.248,0.239,0.009000000000000008,0.412,0.415,-0.0030000000000000027,0.321,0.323,-0.0020000000000000018
"Rosario, Amed","642708","2023","545","414",0.263,0.267,-0.0040000000000000036,0.378,0.384,-0.006000000000000005,0.297,0.306,-0.009000000000000008
"Realmuto, J.T.","592663","2023","540","356",0.252,0.249,0.0030000000000000027,0.452,0.467,-0.015000000000000013,0.324,0.334,-0.010000000000000009
"Burger, Jake","669394","2023","540","347",0.25,0.264,-0.014000000000000012,0.518,0.517,0.0010000000000000009,0.349,0.359,-0.010000000000000009
"Harris II, Michael","671739","2023","539","408",0.293,0.298,-0.0050000000000000044,0.477,0.494,-0.017000000000000015,0.345,0.356,-0.01100000000000001
"Seager, Corey","608369","2023","536","395",0.327,0.303,0.02400000000000002,0.623,0.62,0.0030000000000000027,0.419,0.411,0.008000000000000007
"Suwinski, Jack","669261","2023","534","281",0.224,0.214,0.010000000000000009,0.454,0.465,-0.01100000000000001,0.341,0.346,-0.004999999999999949
"Arcia, Orlando","606115","2023","533","389",0.264,0.238,0.026000000000000023,0.42,0.392,0.02799999999999997,0.321,0.302,0.019000000000000017
"Estrada, Thairo","642731","2023","530","377",0.271,0.246,0.025000000000000022,0.416,0.373,0.04299999999999998,0.316,0.293,0.02300000000000002
"Vierling, Matt","663837","2023","530","369",0.261,0.264,-0.0030000000000000027,0.388,0.398,-0.010000000000000009,0.315,0.322,-0.007000000000000006
"India, Jonathan","663697","2023","529","352",0.244,0.248,-0.0040000000000000036,0.407,0.425,-0.018000000000000016,0.327,0.338,-0.01100000000000001
"Edman, Tommy","669242","2023","528","402",0.248,0.259,-0.01100000000000001,0.399,0.393,0.006000000000000005,0.306,0.312,-0.006000000000000005
"Díaz, Elias","553869","2023","526","372",0.267,0.242,0.025000000000000022,0.409,0.379,0.02999999999999997,0.314,0.295,0.019000000000000017
"Rooker, Brent","667670","2023","526","295",0.246,0.233,0.012999999999999984,0.488,0.479,0.009000000000000008,0.348,0.342,0.00599999999999995
"Hayes, Ke'Bryan","663647","2023","525","393",0.271,0.265,0.006000000000000005,0.453,0.442,0.01100000000000001,0.324,0.322,0.0020000000000000018
"Anderson, Tim","641313","2023","524","373",0.245,0.25,-0.0050000000000000044,0.296,0.337,-0.041000000000000036,0.26,0.28,-0.020000000000000018
"Drury, Brandon","592273","2023","523","354",0.262,0.247,0.015000000000000013,0.497,0.444,0.05299999999999999,0.339,0.318,0.02100000000000002
"Cronenworth, Jake","630105","2023","522","367",0.229,0.234,-0.0050000000000000044,0.378,0.374,0.0040000000000000036,0.301,0.306,-0.0050000000000000044
"Profar, Jurickson","595777","2023","521","374",0.242,0.245,-0.0030000000000000027,0.368,0.353,0.015000000000000013,0.304,0.307,-0.0030000000000000027
"Wade Jr., LaMonte","664774","2023","519","342",0.256,0.258,-0.0020000000000000018,0.417,0.456,-0.039000000000000035,0.347,0.36,-0.013000000000000012
"McKinstry, Zach","656716","2023","518","356",0.231,0.244,-0.012999999999999984,0.351,0.403,-0.052000000000000046,0.289,0.314,-0.025000000000000022
"Straw, Myles","664702","2023","518","377",0.238,0.239,-0.0010000000000000009,0.297,0.302,-0.0050000000000000044,0.268,0.273,-0.0050000000000000044
"Stephenson, Tyler","663886","2023","517","331",0.243,0.24,0.0030000000000000027,0.378,0.401,-0.02300000000000002,0.305,0.314,-0.009000000000000008
"Rosario, Eddie","592696","2023","516","359",0.255,0.25,0.0050000000000000044,0.45,0.44,0.010000000000000009,0.322,0.317,0.0050000000000000044
"Garcia, Maikel","672580","2023","515","360",0.272,0.27,0.0020000000000000018,0.358,0.397,-0.039000000000000035,0.299,0.32,-0.02100000000000002
"Jung, Josh","673962","2023","515","329",0.266,0.254,0.01200000000000001,0.467,0.481,-0.013999999999999957,0.334,0.334,0
"Hernández, Enrique","571771","2023","508","374",0.237,0.222,0.014999999999999986,0.357,0.338,0.01899999999999996,0.282,0.272,0.009999999999999953
"Canha, Mark","592192","2023","507","362",0.262,0.246,0.016000000000000014,0.4,0.385,0.015000000000000013,0.333,0.323,0.010000000000000009
"Nootbaar, Lars","663457","2023","503","331",0.261,0.262,-0.0010000000000000009,0.418,0.442,-0.02400000000000002,0.344,0.357,-0.013000000000000012
"Casas, Triston","671213","2023","502","305",0.263,0.249,0.014000000000000012,0.49,0.502,-0.01200000000000001,0.367,0.369,-0.0020000000000000018
"Lowe, Josh","666139","2023","501","345",0.292,0.267,0.024999999999999967,0.5,0.474,0.026000000000000023,0.354,0.335,0.01899999999999996
"Heim, Jonah","641680","2023","500","364",0.259,0.253,0.006000000000000005,0.439,0.439,0,0.325,0.325,0
"Ruiz, Esteury","665923","2023","497","355",0.254,0.234,0.01999999999999999,0.345,0.324,0.020999999999999963,0.29,0.275,0.014999999999999958
"Alvarez, Yordan","670541","2023","496","322",0.293,0.292,0.0010000000000000009,0.583,0.632,-0.049000000000000044,0.415,0.436,-0.02100000000000002
"Perdomo, Geraldo","672695","2023","495","339",0.246,0.203,0.04299999999999998,0.359,0.277,0.08199999999999996,0.319,0.277,0.04199999999999998
"Contreras, Willson","575929","2023","495","320",0.264,0.275,-0.01100000000000001,0.467,0.498,-0.030999999999999972,0.358,0.374,-0.016000000000000014
"Naylor, Josh","647304","2023","495","391",0.308,0.284,0.02400000000000002,0.489,0.476,0.013000000000000012,0.354,0.342,0.011999999999999955
"Noda, Ryan","676116","2023","495","238",0.229,0.209,0.020000000000000018,0.406,0.396,0.010000000000000009,0.342,0.334,0.008000000000000007
"Dubón, Mauricio","643289","2023","492","400",0.278,0.271,0.007000000000000006,0.411,0.392,0.01899999999999996,0.311,0.303,0.008000000000000007
"Franco, Wander","677551","2023","491","377",0.281,0.297,-0.01599999999999996,0.475,0.489,-0.014000000000000012,0.349,0.365,-0.016000000000000014
"Kepler, Max","596146","2023","491","336",0.26,0.266,-0.006000000000000005,0.484,0.507,-0.02300000000000002,0.348,0.362,-0.014000000000000012
"Langeliers, Shea","669127","2023","490","308",0.205,0.208,-0.0030000000000000027,0.413,0.429,-0.016000000000000014,0.29,0.299,-0.009000000000000008
"Jiménez, Eloy","650391","2023","489","365",0.272,0.253,0.019000000000000017,0.441,0.428,0.013000000000000012,0.325,0.314,0.01100000000000001
"García Jr., Luis","671277","2023","482","395",0.266,0.259,0.007000000000000006,0.385,0.409,-0.023999999999999966,0.297,0.309,-0.01200000000000001
"Pham, Tommy","502054","2023","481","326",0.256,0.278,-0.02200000000000002,0.446,0.475,-0.02899999999999997,0.332,0.359,-0.02699999999999997
"Martinez, J.D.","502110","2023","479","292",0.271,0.266,0.0050000000000000044,0.572,0.556,0.015999999999999903,0.369,0.368,0.0010000000000000009
"McCutchen, Andrew","457705","2023","473","294",0.256,0.25,0.006000000000000005,0.397,0.406,-0.009000000000000008,0.345,0.349,-0.0040000000000000036
"Marsh, Brandon","669016","2023","472","265",0.277,0.229,0.048000000000000015,0.458,0.394,0.064,0.358,0.322,0.035999999999999976
"Joe, Connor","656582","2023","472","304",0.247,0.244,0.0030000000000000027,0.421,0.406,0.014999999999999958,0.332,0.327,0.0050000000000000044
"Grichuk, Randal","545341","2023","471","340",0.267,0.259,0.008000000000000007,0.459,0.436,0.02300000000000002,0.333,0.325,0.008000000000000007
"Mountcastle, Ryan","663624","2023","470","323",0.27,0.266,0.0040000000000000036,0.452,0.506,-0.05399999999999999,0.333,0.356,-0.022999999999999965
"Conforto, Michael","624424","2023","470","304",0.239,0.241,-0.0020000000000000018,0.384,0.42,-0.035999999999999976,0.315,0.33,-0.015000000000000013
"Walker, Jordan","691023","2023","465","318",0.276,0.263,0.013000000000000012,0.445,0.43,0.015000000000000013,0.341,0.332,0.009000000000000008
"Gorman, Nolan","669357","2023","464","260",0.236,0.231,0.004999999999999977,0.478,0.499,-0.02100000000000002,0.345,0.352,-0.007000000000000006
"Massey, Michael","686681","2023","461","334",0.229,0.257,-0.027999999999999997,0.381,0.434,-0.05299999999999999,0.283,0.318,-0.03500000000000003
"Carpenter, Kerry","681481","2023","459","304",0.278,0.255,0.02300000000000002,0.471,0.469,0.0020000000000000018,0.347,0.338,0.008999999999999952
"Judge, Aaron","592450","2023","458","240",0.267,0.284,-0.01699999999999996,0.613,0.727,-0.11399999999999999,0.42,0.465,-0.04500000000000004
"Cooper, Garrett","643265","2023","457","292",0.251,0.248,0.0030000000000000027,0.419,0.433,-0.014000000000000012,0.313,0.317,-0.0040000000000000036
"McCormick, Chas","676801","2023","457","289",0.273,0.241,0.03200000000000003,0.489,0.458,0.030999999999999972,0.362,0.34,0.021999999999999964
"Frazier, Adam","624428","2023","455","350",0.24,0.259,-0.019000000000000017,0.396,0.363,0.03300000000000003,0.302,0.301,0.0010000000000000009
"Brennan, Will","686823","2023","455","377",0.266,0.285,-0.01899999999999996,0.356,0.38,-0.02400000000000002,0.285,0.306,-0.02100000000000002
"Mullins, Cedric","656775","2023","455","310",0.233,0.221,0.01200000000000001,0.416,0.355,0.061,0.311,0.288,0.02300000000000002
"Flores, Wilmer","527038","2023","454","345",0.284,0.254,0.02999999999999997,0.509,0.443,0.066,0.368,0.335,0.032999999999999974
"Solano, Donovan","456781","2023","450","295",0.282,0.279,0.002999999999999947,0.391,0.43,-0.03899999999999998,0.338,0.351,-0.012999999999999956
"Turang, Brice","668930","2023","448","315",0.218,0.222,-0.0040000000000000036,0.3,0.322,-0.02200000000000002,0.262,0.275,-0.013000000000000012
"Rengifo, Luis","650859","2023","445","316",0.264,0.243,0.02100000000000002,0.444,0.406,0.03799999999999998,0.339,0.324,0.015000000000000013
"Call, Alex","669743","2023","439","302",0.2,0.208,-0.00799999999999998,0.307,0.335,-0.028000000000000025,0.28,0.294,-0.013999999999999957
"Duran, Ezequiel","677649","2023","439","289",0.276,0.253,0.02300000000000002,0.443,0.438,0.0050000000000000044,0.33,0.32,0.010000000000000009
"Murphy, Sean","669221","2023","438","273",0.251,0.267,-0.016000000000000014,0.478,0.54,-0.062000000000000055,0.366,0.393,-0.027000000000000024
"Lowe, Brandon","664040","2023","436","261",0.231,0.229,0.0020000000000000018,0.443,0.447,-0.0040000000000000036,0.334,0.338,-0.0040000000000000036
"Ramírez, Harold","623912","2023","434","327",0.313,0.267,0.045999999999999985,0.46,0.413,0.04700000000000004,0.349,0.318,0.030999999999999972
"Doyle, Brenton","686668","2023","431","254",0.203,0.197,0.006000000000000005,0.343,0.344,-0.0009999999999999454,0.257,0.258,-0.0010000000000000009
"Peterson, Jace","607054","2023","430","278",0.211,0.212,-0.0010000000000000009,0.307,0.334,-0.027000000000000024,0.275,0.287,-0.011999999999999955
"Morel, Christopher","666624","2023","429","258",0.247,0.24,0.007000000000000006,0.508,0.493,0.015000000000000013,0.347,0.342,0.004999999999999949
"De La Cruz, Elly","682829","2023","427","246",0.235,0.238,-0.0030000000000000027,0.41,0.396,0.013999999999999957,0.305,0.305,0
"Pederson, Joc","592626","2023","425","272",0.235,0.258,-0.02300000000000002,0.416,0.489,-0.07300000000000001,0.331,0.367,-0.035999999999999976
"Jones, Nolan","666134","2023","424","242",0.297,0.246,0.05099999999999999,0.542,0.504,0.038000000000000034,0.395,0.362,0.03300000000000003
"Berti, Jon","542932","2023","424","316",0.294,0.278,0.01599999999999996,0.405,0.411,-0.00599999999999995,0.325,0.324,0.0010000000000000009
"Rojas, Miguel","500743","2023","423","344",0.236,0.247,-0.01100000000000001,0.322,0.338,-0.016000000000000014,0.271,0.286,-0.014999999999999958
"Alvarez, Francisco","682626","2023","423","273",0.209,0.204,0.0050000000000000044,0.437,0.428,0.009000000000000008,0.31,0.306,0.0040000000000000036
"Kirk, Alejandro","672386","2023","422","329",0.25,0.252,-0.0020000000000000018,0.358,0.392,-0.03400000000000003,0.308,0.321,-0.013000000000000012
"Peralta, David","444482","2023","422","328",0.259,0.272,-0.013000000000000012,0.381,0.407,-0.025999999999999968,0.29,0.312,-0.02200000000000002
"Rizzo, Anthony","519203","2023","421","277",0.244,0.244,0,0.378,0.4,-0.02200000000000002,0.312,0.32,-0.008000000000000007
"Grossman, Robbie","543257","2023","420","263",0.238,0.222,0.015999999999999986,0.394,0.358,0.03600000000000003,0.323,0.309,0.014000000000000012
"Kemp, Tony","643393","2023","419","329",0.209,0.239,-0.03,0.304,0.326,-0.02200000000000002,0.276,0.299,-0.022999999999999965
"Gomes, Yan","543228","2023","419","308",0.267,0.259,0.008000000000000007,0.408,0.414,-0.006000000000000005,0.312,0.322,-0.010000000000000009
"Greene, Riley","682985","2023","416","266",0.288,0.284,0.0040000000000000036,0.447,0.506,-0.059,0.344,0.366,-0.02200000000000002
"Kelenic, Jarred","672284","2023","416","242",0.253,0.261,-0.008000000000000007,0.419,0.44,-0.02100000000000002,0.321,0.334,-0.013000000000000012
"Stanton, Giancarlo","519317","2023","415","248",0.191,0.212,-0.02099999999999999,0.42,0.47,-0.04999999999999999,0.297,0.325,-0.028000000000000025
"Blackmon, Charlie","453568","2023","413","308",0.279,0.267,0.01200000000000001,0.44,0.41,0.030000000000000027,0.35,0.339,0.010999999999999954
"Wiemer, Joey","686894","2023","410","253",0.204,0.206,-0.0020000000000000018,0.362,0.374,-0.01200000000000001,0.284,0.29,-0.006000000000000005
"Altuve, Jose","514888","2023","410","290",0.311,0.242,0.069,0.522,0.425,0.09700000000000003,0.393,0.333,0.06
"Castro, Willi","650489","2023","409","264",0.257,0.229,0.027999999999999997,0.411,0.366,0.044999999999999984,0.327,0.303,0.02400000000000002
"Ward, Taylor","621493","2023","409","282",0.253,0.251,0.0020000000000000018,0.421,0.439,-0.018000000000000016,0.329,0.341,-0.01200000000000001
"Kiermaier, Kevin","595281","2023","408","289",0.265,0.256,0.009000000000000008,0.419,0.352,0.067,0.32,0.299,0.02100000000000002
"Julien, Edouard","666397","2023","408","214",0.263,0.228,0.035,0.459,0.426,0.03300000000000003,0.366,0.343,0.022999999999999965
"Maldonado, Martín","455117","2023","407","235",0.191,0.185,0.006000000000000005,0.348,0.362,-0.014000000000000012,0.266,0.269,-0.0030000000000000027
"Andrus, Elvis","462101","2023","406","306",0.251,0.229,0.021999999999999992,0.358,0.316,0.04199999999999998,0.29,0.27,0.019999999999999962
"Raley, Luke","670042","2023","406","232",0.249,0.222,0.026999999999999996,0.49,0.442,0.04799999999999999,0.353,0.328,0.024999999999999967
"Grandal, Yasmani","518735","2023","405","279",0.234,0.22,0.014000000000000012,0.339,0.334,0.0050000000000000044,0.288,0.282,0.006000000000000005
"Laureano, Ramón","657656","2023","404","248",0.224,0.227,-0.0030000000000000027,0.371,0.377,-0.006000000000000005,0.298,0.304,-0.006000000000000005
"Belt, Brandon","474832","2023","404","200",0.254,0.207,0.047000000000000014,0.49,0.435,0.05499999999999999,0.369,0.333,0.035999999999999976
"Sánchez, Jesús","660821","2023","403","255",0.252,0.261,-0.009000000000000008,0.449,0.475,-0.025999999999999968,0.333,0.349,-0.01599999999999996
"McLain, Matt","680574","2023","403","250",0.29,0.252,0.03799999999999998,0.507,0.441,0.066,0.37,0.332,0.03799999999999998
"Wong, Connor","657136","2023","403","241",0.235,0.208,0.026999999999999996,0.385,0.365,0.020000000000000018,0.292,0.274,0.01799999999999996
"Thomas, Alek","677950","2023","402","293",0.23,0.247,-0.016999999999999987,0.374,0.374,0,0.278,0.291,-0.012999999999999956
"Tauchman, Mike","643565","2023","401","255",0.252,0.261,-0.009000000000000008,0.377,0.401,-0.02400000000000002,0.33,0.343,-0.013000000000000012
"DeJong, Paul","657557","2023","400","253",0.207,0.216,-0.009000000000000008,0.355,0.361,-0.006000000000000005,0.266,0.277,-0.01100000000000001
"Urías, Ramón","602104","2023","396","260",0.264,0.223,0.04100000000000001,0.375,0.339,0.035999999999999976,0.31,0.281,0.02899999999999997
"Baty, Brett","683146","2023","389","246",0.212,0.235,-0.022999999999999993,0.323,0.383,-0.06,0.266,0.3,-0.033999999999999975
"Taylor, Michael A.","572191","2023","388","229",0.22,0.22,0,0.442,0.441,0.0010000000000000009,0.308,0.309,-0.0010000000000000009
"Moustakas, Mike","519058","2023","386","265",0.247,0.215,0.032,0.392,0.355,0.03700000000000003,0.294,0.271,0.022999999999999965
"Olivares, Edward","658668","2023","385","292",0.263,0.266,-0.0030000000000000027,0.452,0.452,0,0.329,0.335,-0.006000000000000005
"Taylor, Chris","621035","2023","384","214",0.237,0.219,0.017999999999999988,0.42,0.401,0.01899999999999996,0.323,0.309,0.014000000000000012
"Chisholm Jr., Jazz","665862","2023","383","237",0.25,0.22,0.03,0.457,0.433,0.02400000000000002,0.325,0.307,0.018000000000000016
"Ibáñez, Andy","628451","2023","383","289",0.264,0.267,-0.0030000000000000027,0.433,0.447,-0.014000000000000012,0.32,0.331,-0.01100000000000001
"Yastrzemski, Mike","573262","2023","381","234",0.233,0.228,0.0050000000000000044,0.445,0.428,0.017000000000000015,0.333,0.326,0.007000000000000006
"Moreno, Gabriel","672515","2023","380","273",0.284,0.264,0.019999999999999962,0.408,0.391,0.01699999999999996,0.325,0.316,0.009000000000000008
"Fraley, Jake","641584","2023","380","266",0.256,0.256,0,0.443,0.406,0.03699999999999998,0.338,0.327,0.01100000000000001
"Brown, Seth","664913","2023","378","245",0.222,0.233,-0.01100000000000001,0.405,0.457,-0.05199999999999999,0.298,0.323,-0.025000000000000022
"Diaz, Yainer","673237","2023","377","287",0.282,0.28,0.0019999999999999463,0.538,0.546,-0.008000000000000007,0.354,0.358,-0.0040000000000000036
"Heyward, Jason","518792","2023","377","273",0.269,0.245,0.02400000000000002,0.473,0.409,0.064,0.348,0.318,0.02999999999999997
"Bae, Jihwan","678225","2023","371","247",0.231,0.22,0.01100000000000001,0.311,0.294,0.017000000000000015,0.272,0.266,0.006000000000000005
"Donovan, Brendan","680977","2023","371","276",0.284,0.285,-0.0010000000000000009,0.422,0.444,-0.02200000000000002,0.345,0.356,-0.01100000000000001
"Cabrera, Miguel","408234","2023","370","263",0.257,0.244,0.013000000000000012,0.353,0.366,-0.013000000000000012,0.299,0.302,-0.0030000000000000027
"Farmer, Kyle","571657","2023","369","252",0.256,0.249,0.007000000000000006,0.408,0.409,-0.0010000000000000009,0.316,0.314,0.0020000000000000018
"O'Hearn, Ryan","656811","2023","368","268",0.289,0.254,0.034999999999999976,0.48,0.465,0.014999999999999958,0.339,0.321,0.018000000000000016
"Rogers, Jake","668670","2023","365","216",0.221,0.225,-0.0040000000000000036,0.444,0.45,-0.006000000000000005,0.312,0.321,-0.009000000000000008
"Siri, Jose","642350","2023","364","212",0.222,0.209,0.013000000000000012,0.494,0.443,0.05099999999999999,0.319,0.296,0.02300000000000002
"Duran, Jarren","680776","2023","362","244",0.295,0.266,0.02899999999999997,0.482,0.41,0.07200000000000001,0.354,0.321,0.032999999999999974
"Anderson, Brian","605119","2023","361","213",0.226,0.225,0.0010000000000000009,0.368,0.388,-0.020000000000000018,0.299,0.314,-0.015000000000000013
"Kiner-Falefa, Isiah","643396","2023","361","260",0.242,0.253,-0.01100000000000001,0.34,0.352,-0.011999999999999955,0.286,0.296,-0.010000000000000009
"Trout, Mike","545361","2023","361","206",0.264,0.272,-0.008000000000000007,0.492,0.53,-0.038000000000000034,0.369,0.39,-0.02100000000000002
"Moncada, Yoán","660162","2023","357","228",0.26,0.253,0.007000000000000006,0.425,0.431,-0.006000000000000005,0.315,0.315,0
"Baddoo, Akil","668731","2023","357","226",0.218,0.216,0.0020000000000000018,0.372,0.372,0,0.299,0.301,-0.0020000000000000018
"Vázquez, Christian","543877","2023","355","247",0.223,0.22,0.0030000000000000027,0.318,0.325,-0.007000000000000006,0.264,0.267,-0.0030000000000000027
"Bailey, Patrick","672275","2023","353","229",0.233,0.244,-0.010999999999999982,0.359,0.421,-0.062,0.282,0.312,-0.030000000000000027
"Duvall, Adam","594807","2023","353","215",0.247,0.207,0.04000000000000001,0.531,0.441,0.09000000000000002,0.347,0.305,0.04199999999999998
"Tellez, Rowdy","642133","2023","351","230",0.215,0.234,-0.019000000000000017,0.376,0.377,-0.0010000000000000009,0.288,0.307,-0.019000000000000017
"Rojas, Josh","668942","2023","350","239",0.245,0.228,0.016999999999999987,0.338,0.331,0.007000000000000006,0.284,0.278,0.00599999999999995
"Mateo, Jorge","622761","2023","350","244",0.217,0.237,-0.01999999999999999,0.34,0.378,-0.03799999999999998,0.265,0.292,-0.02699999999999997
"Walls, Taylor","670764","2023","349","212",0.201,0.199,0.0020000000000000018,0.333,0.303,0.030000000000000027,0.287,0.277,0.009999999999999953
"Burleson, Alec","676475","2023","347","273",0.244,0.272,-0.028000000000000025,0.39,0.454,-0.064,0.3,0.337,-0.03700000000000003
"Buxton, Byron","621439","2023","347","199",0.207,0.207,0,0.438,0.431,0.007000000000000006,0.311,0.316,-0.0050000000000000044
"Arias, Gabriel","672356","2023","345","203",0.21,0.227,-0.017000000000000015,0.352,0.408,-0.055999999999999994,0.276,0.305,-0.02899999999999997
"Pratto, Nick","668472","2023","345","172",0.232,0.205,0.027000000000000024,0.353,0.335,0.01799999999999996,0.292,0.277,0.014999999999999958
"Díaz, Aledmys","649557","2023","344","254",0.229,0.234,-0.0050000000000000044,0.337,0.335,0.0020000000000000018,0.268,0.275,-0.007000000000000006
"Sabol, Blake","666165","2023","344","197",0.235,0.196,0.03899999999999998,0.394,0.373,0.02100000000000002,0.303,0.281,0.021999999999999964
"Sheets, Gavin","657757","2023","344","249",0.203,0.208,-0.004999999999999977,0.331,0.347,-0.01599999999999996,0.261,0.27,-0.009000000000000008
"Bader, Harrison","664056","2023","344","265",0.232,0.231,0.0010000000000000009,0.348,0.379,-0.031000000000000028,0.271,0.288,-0.01699999999999996
"Garver, Mitch","641598","2023","344","214",0.27,0.25,0.020000000000000018,0.5,0.496,0.0040000000000000036,0.374,0.364,0.010000000000000009
"Polanco, Jorge","593871","2023","343","217",0.255,0.248,0.007000000000000006,0.454,0.492,-0.03799999999999998,0.34,0.351,-0.010999999999999954
"Marte, Starling","516782","2023","341","248",0.248,0.255,-0.007000000000000006,0.324,0.404,-0.08000000000000002,0.278,0.311,-0.032999999999999974
"Meyers, Jake","676694","2023","341","222",0.227,0.211,0.016000000000000014,0.382,0.357,0.025000000000000022,0.297,0.283,0.014000000000000012
"Biggio, Cavan","624415","2023","338","203",0.235,0.224,0.010999999999999982,0.37,0.376,-0.006000000000000005,0.318,0.315,0.0030000000000000027
"Waters, Drew","671221","2023","337","198",0.228,0.231,-0.0030000000000000027,0.377,0.416,-0.03899999999999998,0.296,0.314,-0.018000000000000016
"Margot, Manuel","622534","2023","336","259",0.264,0.259,0.0050000000000000044,0.376,0.371,0.0050000000000000044,0.299,0.301,-0.0020000000000000018
"Jeffers, Ryan","680777","2023","335","199",0.276,0.23,0.04600000000000001,0.49,0.441,0.04899999999999999,0.369,0.336,0.032999999999999974
"Bryant, Kris","592178","2023","335","232",0.233,0.243,-0.009999999999999981,0.367,0.417,-0.04999999999999999,0.302,0.324,-0.02200000000000002
"Gallo, Joey","608336","2023","332","140",0.177,0.149,0.027999999999999997,0.44,0.407,0.03300000000000003,0.32,0.298,0.02200000000000002
"Bethancourt, Christian","542194","2023","332","228",0.225,0.212,0.013000000000000012,0.381,0.376,0.0050000000000000044,0.271,0.265,0.006000000000000005
"Cabrera, Oswaldo","665828","2023","330","231",0.211,0.208,0.0030000000000000027,0.299,0.312,-0.013000000000000012,0.256,0.26,-0.0040000000000000036
"Senzel, Nick","669222","2023","330","229",0.236,0.244,-0.008000000000000007,0.399,0.369,0.030000000000000027,0.302,0.297,0.0050000000000000044
"Neto, Zach","687263","2023","329","216",0.225,0.224,0.0010000000000000009,0.377,0.41,-0.032999999999999974,0.302,0.315,-0.013000000000000012
"Allen, Nick","669397","2023","329","259",0.221,0.22,0.0010000000000000009,0.287,0.292,-0.0050000000000000044,0.245,0.252,-0.007000000000000006
"Benson, Will","666181","2023","329","185",0.275,0.226,0.049000000000000016,0.498,0.401,0.09699999999999998,0.369,0.321,0.04799999999999999
"Gurriel, Yuli","493329","2023","329","258",0.245,0.235,0.010000000000000009,0.359,0.325,0.033999999999999975,0.287,0.275,0.011999999999999955
"Segura, Jean","516416","2023","326","255",0.219,0.238,-0.01899999999999999,0.279,0.343,-0.064,0.25,0.282,-0.03199999999999997
"Moniak, Mickey","666160","2023","324","198",0.279,0.24,0.039000000000000035,0.494,0.445,0.04899999999999999,0.338,0.303,0.03500000000000003
"Fortes, Nick","663743","2023","323","240",0.204,0.208,-0.0040000000000000036,0.299,0.329,-0.030000000000000027,0.251,0.264,-0.013000000000000012
"Julks, Corey","667452","2023","323","225",0.245,0.245,0,0.352,0.373,-0.02100000000000002,0.286,0.294,-0.008000000000000007
"Crawford, Brandon","543063","2023","320","207",0.194,0.214,-0.01999999999999999,0.314,0.379,-0.065,0.26,0.293,-0.032999999999999974
"Vogelbach, Daniel","596129","2023","319","194",0.233,0.226,0.007000000000000006,0.404,0.407,-0.002999999999999947,0.327,0.325,0.0020000000000000018
"Kirilloff, Alex","666135","2023","319","204",0.27,0.26,0.010000000000000009,0.445,0.432,0.013000000000000012,0.343,0.337,0.006000000000000005
"Wendle, Joey","621563","2023","318","236",0.212,0.232,-0.020000000000000018,0.306,0.331,-0.025000000000000022,0.242,0.267,-0.025000000000000022
"Monasterio, Andruw","655316","2023","315","218",0.259,0.245,0.014000000000000012,0.348,0.375,-0.027000000000000024,0.302,0.308,-0.006000000000000005
"Miller, Owen","680911","2023","314","234",0.261,0.251,0.010000000000000009,0.371,0.363,0.008000000000000007,0.292,0.289,0.0030000000000000027
"Isbel, Kyle","664728","2023","313","236",0.24,0.243,-0.0030000000000000027,0.38,0.38,0,0.286,0.29,-0.0040000000000000036
"Hicks, Aaron","543305","2023","312","201",0.253,0.205,0.048000000000000015,0.383,0.305,0.07800000000000001,0.326,0.283,0.04300000000000004
"McCarthy, Jake","664983","2023","312","219",0.243,0.241,0.0020000000000000018,0.326,0.336,-0.010000000000000009,0.289,0.294,-0.0050000000000000044
"Escobar, Eduardo","500871","2023","309","213",0.226,0.202,0.023999999999999994,0.344,0.304,0.03999999999999998,0.267,0.246,0.02100000000000002
"Montero, Elehuris","660707","2023","307","176",0.243,0.198,0.044999999999999984,0.426,0.321,0.10499999999999998,0.306,0.255,0.05099999999999999
"Thaiss, Matt","642136","2023","307","182",0.214,0.227,-0.013000000000000012,0.34,0.412,-0.07199999999999995,0.295,0.332,-0.03700000000000003
"Vargas, Miguel","678246","2023","304","200",0.195,0.208,-0.012999999999999984,0.367,0.357,0.010000000000000009,0.295,0.305,-0.010000000000000009
"Bleday, JJ","668709","2023","303","187",0.195,0.2,-0.0050000000000000044,0.355,0.354,0.0010000000000000009,0.297,0.3,-0.0030000000000000027
"Wisdom, Patrick","621550","2023","302","159",0.205,0.211,-0.006000000000000005,0.5,0.492,0.008000000000000007,0.333,0.333,0
"Jansen, Danny","643376","2023","301","206",0.228,0.215,0.013000000000000012,0.474,0.428,0.045999999999999985,0.336,0.316,0.020000000000000018
"Sosa, Edmundo","624641","2023","300","208",0.251,0.234,0.016999999999999987,0.427,0.391,0.035999999999999976,0.309,0.29,0.019000000000000017
"Gelof, Zack","680869","2023","300","189",0.267,0.247,0.020000000000000018,0.504,0.451,0.05299999999999999,0.357,0.33,0.02699999999999997
"Madrigal, Nick","663611","2023","294","251",0.263,0.276,-0.013000000000000012,0.352,0.342,0.009999999999999953,0.294,0.296,-0.0020000000000000018
"Haase, Eric","606992","2023","293","195",0.201,0.215,-0.013999999999999985,0.281,0.312,-0.030999999999999972,0.233,0.255,-0.021999999999999992
"Diaz, Jordan","672478","2023","293","204",0.221,0.222,-0.0010000000000000009,0.364,0.372,-0.008000000000000007,0.278,0.284,-0.00599999999999995
"Maton, Nick","665155","2023","293","179",0.173,0.19,-0.017000000000000015,0.305,0.334,-0.029000000000000026,0.268,0.285,-0.01699999999999996
"d'Arnaud, Travis","518595","2023","292","201",0.225,0.246,-0.02099999999999999,0.397,0.438,-0.04099999999999998,0.297,0.324,-0.027000000000000024
"Jankowski, Travis","608671","2023","287","208",0.263,0.254,0.009000000000000008,0.332,0.311,0.02100000000000002,0.312,0.303,0.009000000000000008
"Vargas, Ildemaro","545121","2023","286","246",0.252,0.265,-0.013000000000000012,0.363,0.373,-0.010000000000000009,0.292,0.306,-0.014000000000000012
"Rivera, Emmanuel","656896","2023","283","205",0.261,0.261,0,0.358,0.404,-0.04600000000000004,0.295,0.315,-0.020000000000000018
"Caballero, José","676609","2023","280","169",0.221,0.2,0.02099999999999999,0.32,0.3,0.020000000000000018,0.305,0.296,0.009000000000000008
"Cron, C.J.","543068","2023","278","195",0.248,0.252,-0.0040000000000000036,0.434,0.475,-0.04099999999999998,0.312,0.333,-0.02100000000000002
"Schmitt, Casey","669477","2023","277","194",0.206,0.231,-0.025000000000000022,0.324,0.36,-0.035999999999999976,0.254,0.282,-0.02799999999999997
"Stallings, Jacob","607732","2023","276","179",0.191,0.191,0,0.286,0.309,-0.02300000000000002,0.256,0.265,-0.009000000000000008
"Bauers, Jake","641343","2023","272","150",0.202,0.221,-0.01899999999999999,0.413,0.475,-0.062,0.297,0.332,-0.03500000000000003
"Garrett, Stone","656448","2023","271","157",0.269,0.262,0.007000000000000006,0.457,0.446,0.01100000000000001,0.344,0.346,-0.0020000000000000018
"Castro, Harold","605612","2023","270","195",0.252,0.24,0.01200000000000001,0.314,0.341,-0.027000000000000024,0.258,0.264,-0.006000000000000005
"Sánchez, Gary","596142","2023","267","175",0.217,0.227,-0.010000000000000009,0.492,0.504,-0.01200000000000001,0.329,0.342,-0.013000000000000012
"O'Neill, Tyler","641933","2023","266","171",0.231,0.241,-0.009999999999999981,0.403,0.452,-0.04899999999999999,0.313,0.335,-0.02200000000000002
"Palacios, Joshua","641943","2023","264","194",0.239,0.255,-0.016000000000000014,0.413,0.439,-0.026000000000000023,0.297,0.317,-0.020000000000000018
"Mancini, Trey","641820","2023","263","160",0.234,0.211,0.02300000000000002,0.336,0.334,0.0020000000000000018,0.28,0.274,0.006000000000000005
"Colás, Oscar","693049","2023","263","178",0.216,0.223,-0.007000000000000006,0.314,0.347,-0.032999999999999974,0.249,0.266,-0.017000000000000015
"Lopez, Nicky","670032","2023","262","190",0.231,0.233,-0.0020000000000000018,0.307,0.314,-0.007000000000000006,0.288,0.294,-0.006000000000000005
"Higashioka, Kyle","543309","2023","260","172",0.236,0.235,0.0010000000000000009,0.413,0.449,-0.03600000000000003,0.293,0.31,-0.017000000000000015
"Pasquantino, Vinnie","686469","2023","260","201",0.247,0.277,-0.030000000000000027,0.437,0.457,-0.020000000000000018,0.327,0.349,-0.021999999999999964
"Castro, Rodolfo","666801","2023","256","154",0.211,0.188,0.022999999999999993,0.322,0.327,-0.0050000000000000044,0.277,0.267,0.010000000000000009
"Davis, Henry","680779","2023","255","157",0.213,0.219,-0.006000000000000005,0.351,0.345,0.006000000000000005,0.287,0.29,-0.0030000000000000027
"Carlson, Dylan","666185","2023","255","173",0.219,0.232,-0.013000000000000012,0.333,0.381,-0.04799999999999999,0.293,0.317,-0.02400000000000002
"Fairchild, Stuart","656413","2023","255","155",0.228,0.227,0.0010000000000000009,0.388,0.385,0.0030000000000000027,0.312,0.312,0
"Espinal, Santiago","669289","2023","254","197",0.248,0.255,-0.007000000000000006,0.335,0.341,-0.006000000000000005,0.285,0.295,-0.010000000000000009
"Wallner, Matt","670242","2023","254","133",0.249,0.228,0.02099999999999999,0.507,0.525,-0.018000000000000016,0.377,0.375,0.0020000000000000018
"Short, Zack","670097","2023","253","159",0.204,0.208,-0.0040000000000000036,0.339,0.367,-0.02799999999999997,0.281,0.298,-0.01699999999999996
"Newman, Kevin","621028","2023","253","198",0.253,0.27,-0.017000000000000015,0.364,0.381,-0.017000000000000015,0.296,0.313,-0.017000000000000015
"Matos, Luis","682641","2023","253","197",0.25,0.257,-0.007000000000000006,0.342,0.366,-0.023999999999999966,0.295,0.307,-0.01200000000000001
"Hampson, Garrett","641658","2023","252","159",0.276,0.236,0.040000000000000036,0.38,0.331,0.04899999999999999,0.323,0.292,0.031000000000000028
"Ford, Mike","645801","2023","251","139",0.228,0.195,0.033,0.475,0.414,0.061,0.343,0.311,0.03200000000000003
"Wong, Kolten","543939","2023","250","174",0.183,0.213,-0.03,0.263,0.296,-0.032999999999999974,0.236,0.266,-0.030000000000000027
"Refsnyder, Rob","608701","2023","243","157",0.248,0.259,-0.01100000000000001,0.317,0.39,-0.07300000000000001,0.314,0.344,-0.02999999999999997
"Taylor, Tyrone","621438","2023","243","177",0.234,0.243,-0.00899999999999998,0.446,0.435,0.01100000000000001,0.302,0.307,-0.0050000000000000044
"Votto, Joey","458015","2023","242","146",0.202,0.188,0.014000000000000012,0.433,0.376,0.056999999999999995,0.326,0.302,0.02400000000000002
"Encarnacion-Strand, Christian","687952","2023","241","153",0.27,0.264,0.006000000000000005,0.477,0.478,-0.0010000000000000009,0.346,0.344,0.0020000000000000018
"Knizner, Andrew","668800","2023","241","164",0.241,0.22,0.02099999999999999,0.424,0.394,0.02999999999999997,0.306,0.287,0.019000000000000017
"Lewis, Royce","668904","2023","239","162",0.309,0.258,0.05099999999999999,0.548,0.486,0.062000000000000055,0.393,0.349,0.04400000000000004
"Carpenter, Matt","572761","2023","237","126",0.176,0.169,0.0069999999999999785,0.319,0.336,-0.017000000000000015,0.293,0.308,-0.015000000000000013
"Longoria, Evan","446334","2023","237","141",0.223,0.229,-0.006000000000000005,0.422,0.453,-0.031000000000000028,0.308,0.326,-0.018000000000000016
"Fermin, Freddy","666023","2023","235","171",0.281,0.27,0.01100000000000001,0.461,0.456,0.0050000000000000044,0.333,0.331,0.0020000000000000018
"Vientos, Mark","668901","2023","233","149",0.211,0.236,-0.024999999999999994,0.367,0.433,-0.066,0.267,0.309,-0.04199999999999998
"Smith, Josh","669701","2023","232","143",0.185,0.207,-0.021999999999999992,0.328,0.398,-0.07,0.287,0.323,-0.03600000000000003
"Naylor, Bo","666310","2023","230","146",0.237,0.214,0.022999999999999993,0.47,0.387,0.08299999999999996,0.347,0.311,0.035999999999999976
"Haniger, Mitch","571745","2023","229","147",0.209,0.237,-0.027999999999999997,0.365,0.437,-0.07200000000000001,0.274,0.313,-0.03899999999999998
"Urshela, Gio","570482","2023","228","181",0.299,0.258,0.04099999999999998,0.374,0.369,0.0050000000000000044,0.307,0.292,0.015000000000000013
"Smith, Pavin","656976","2023","228","146",0.188,0.221,-0.033,0.325,0.39,-0.065,0.293,0.328,-0.03500000000000003
"Westburg, Jordan","676059","2023","228","155",0.26,0.256,0.0040000000000000036,0.404,0.407,-0.002999999999999947,0.309,0.317,-0.008000000000000007
"Trejo, Alan","676701","2023","227","159",0.232,0.231,0.0010000000000000009,0.343,0.341,0.0020000000000000018,0.277,0.278,-0.0010000000000000009
"McCann, James","543510","2023","226","155",0.222,0.259,-0.037000000000000005,0.377,0.433,-0.055999999999999994,0.279,0.318,-0.03899999999999998
"Caratini, Victor","605170","2023","226","159",0.259,0.256,0.0030000000000000027,0.383,0.377,0.006000000000000005,0.312,0.309,0.0030000000000000027
"Frelick, Sal","686217","2023","223","157",0.246,0.234,0.011999999999999983,0.351,0.309,0.04199999999999998,0.309,0.298,0.01100000000000001
"Marcano, Tucupita","672779","2023","220","172",0.233,0.245,-0.011999999999999983,0.356,0.375,-0.019000000000000017,0.275,0.292,-0.01699999999999996
"Peguero, Liover","678894","2023","213","134",0.237,0.225,0.011999999999999983,0.374,0.332,0.04199999999999998,0.284,0.267,0.01699999999999996
"Hedges, Austin","595978","2023","212","151",0.184,0.216,-0.032,0.227,0.295,-0.06799999999999998,0.209,0.256,-0.047000000000000014
"Larnach, Trevor","663616","2023","212","113",0.213,0.212,0.0010000000000000009,0.415,0.438,-0.02300000000000002,0.313,0.324,-0.01100000000000001
"Ahmed, Nick","605113","2023","210","146",0.212,0.225,-0.013000000000000012,0.303,0.328,-0.025000000000000022,0.247,0.264,-0.017000000000000015
"Duffy, Matt","622110","2023","209","154",0.251,0.267,-0.016000000000000014,0.325,0.347,-0.021999999999999964,0.281,0.298,-0.01699999999999996
"Triolo, Jared","669707","2023","209","119",0.298,0.253,0.044999999999999984,0.398,0.382,0.016000000000000014,0.35,0.326,0.023999999999999966
"Slater, Austin","596103","2023","207","127",0.27,0.247,0.02300000000000002,0.4,0.442,-0.04199999999999998,0.33,0.334,-0.0040000000000000036
"Arroyo, Christian","624414","2023","206","153",0.241,0.232,0.00899999999999998,0.369,0.348,0.02100000000000002,0.274,0.272,0.0020000000000000018
"McGuire, Reese","624512","2023","206","137",0.267,0.205,0.06200000000000003,0.358,0.282,0.07600000000000001,0.293,0.243,0.04999999999999999
"Pillar, Kevin","607680","2023","206","150",0.228,0.252,-0.023999999999999994,0.416,0.422,-0.006000000000000005,0.28,0.296,-0.01599999999999996
"Rodríguez, Endy","682848","2023","204","138",0.22,0.23,-0.010000000000000009,0.328,0.381,-0.05299999999999999,0.271,0.296,-0.024999999999999967
"Cave, Jake","595909","2023","203","132",0.212,0.2,0.011999999999999983,0.348,0.359,-0.01100000000000001,0.271,0.277,-0.006000000000000005
"Barnes, Austin","605131","2023","200","138",0.18,0.211,-0.031,0.242,0.31,-0.068,0.229,0.273,-0.04400000000000001
"O'Hoppe, Logan","681351","2023","199","135",0.236,0.252,-0.016000000000000014,0.5,0.507,-0.007000000000000006,0.337,0.347,-0.009999999999999953
"Maile, Luke","571912","2023","199","131",0.235,0.231,0.003999999999999976,0.391,0.417,-0.025999999999999968,0.307,0.315,-0.008000000000000007
"Winker, Jesse","608385","2023","197","116",0.199,0.205,-0.005999999999999978,0.247,0.302,-0.05499999999999999,0.269,0.29,-0.020999999999999963
"Zavala, Seby","664874","2023","193","109",0.171,0.188,-0.016999999999999987,0.314,0.317,-0.0030000000000000027,0.239,0.251,-0.01200000000000001
"Rodgers, Brendan","663898","2023","192","137",0.258,0.25,0.008000000000000007,0.388,0.426,-0.03799999999999998,0.307,0.319,-0.01200000000000001
"Peraza, Oswald","672724","2023","191","123",0.191,0.22,-0.028999999999999998,0.272,0.334,-0.062,0.246,0.282,-0.035999999999999976
"Pérez, Carlos","542208","2023","189","132",0.226,0.255,-0.028999999999999998,0.357,0.389,-0.03200000000000003,0.285,0.313,-0.028000000000000025
"Donaldson, Josh","518626","2023","189","117",0.152,0.199,-0.047000000000000014,0.418,0.474,-0.055999999999999994,0.284,0.325,-0.041000000000000036
"Delay, Jason","641511","2023","187","126",0.251,0.212,0.03900000000000001,0.347,0.305,0.04199999999999998,0.296,0.266,0.02999999999999997
"Reyes, Pablo","622569","2023","185","150",0.287,0.261,0.025999999999999968,0.377,0.398,-0.02100000000000002,0.315,0.311,0.0040000000000000036
"Stewart, DJ","621466","2023","185","106",0.244,0.23,0.013999999999999985,0.506,0.464,0.04199999999999998,0.358,0.34,0.01799999999999996
"Rendon, Anthony","543685","2023","183","125",0.236,0.262,-0.026000000000000023,0.318,0.395,-0.07700000000000001,0.312,0.359,-0.046999999999999986
"Canzone, Dominic","686527","2023","182","141",0.22,0.255,-0.035,0.399,0.489,-0.08999999999999997,0.282,0.332,-0.050000000000000044
"Gonzalez, Oscar","660757","2023","180","128",0.214,0.231,-0.017000000000000015,0.312,0.363,-0.05099999999999999,0.239,0.27,-0.031000000000000028
"Thompson, Trayce","572204","2023","179","76",0.163,0.165,-0.0020000000000000018,0.294,0.33,-0.03600000000000003,0.266,0.278,-0.01200000000000001
"Velázquez, Nelson","676369","2023","179","112",0.235,0.249,-0.014000000000000012,0.586,0.57,0.016000000000000014,0.369,0.37,-0.0010000000000000009
"Urías, Luis","649966","2023","177","103",0.194,0.183,0.01100000000000001,0.299,0.317,-0.018000000000000016,0.298,0.299,-0.0010000000000000009
"Alu, Jake","666906","2023","175","120",0.226,0.239,-0.012999999999999984,0.289,0.338,-0.049000000000000044,0.256,0.283,-0.02699999999999997
"Calhoun, Kole","594777","2023","174","122",0.217,0.232,-0.015000000000000013,0.376,0.397,-0.02100000000000002,0.286,0.302,-0.016000000000000014
"Campusano, Luis","669134","2023","174","143",0.319,0.303,0.016000000000000014,0.491,0.47,0.02100000000000002,0.364,0.355,0.009000000000000008
"Sosa, Lenyn","672820","2023","173","128",0.201,0.245,-0.043999999999999984,0.348,0.415,-0.067,0.241,0.29,-0.04899999999999999
"Wallach, Chad","595453","2023","172","102",0.197,0.211,-0.013999999999999985,0.376,0.413,-0.03699999999999998,0.275,0.293,-0.01799999999999996
"Tapia, Raimel","606132","2023","169","110",0.236,0.222,0.013999999999999985,0.338,0.34,-0.0020000000000000018,0.293,0.295,-0.0020000000000000018
"Story, Trevor","596115","2023","168","103",0.203,0.204,-0.0009999999999999731,0.316,0.359,-0.04299999999999998,0.249,0.265,-0.016000000000000014
"Freeman, Tyler","671289","2023","168","126",0.242,0.272,-0.030000000000000027,0.366,0.4,-0.03400000000000003,0.29,0.317,-0.027000000000000024
"Perkins, Blake","663368","2023","168","99",0.217,0.192,0.024999999999999994,0.35,0.304,0.045999999999999985,0.303,0.279,0.023999999999999966
"Trevino, Jose","624431","2023","168","136",0.21,0.241,-0.031,0.312,0.346,-0.033999999999999975,0.252,0.279,-0.027000000000000024
"Moore, Dylan","664238","2023","165","89",0.207,0.195,0.011999999999999983,0.428,0.433,-0.0050000000000000044,0.317,0.315,0.0020000000000000018
"Rojas, Johan","679032","2023","164","113",0.302,0.246,0.055999999999999994,0.43,0.307,0.123,0.335,0.269,0.066
"Remillard, Zach","621545","2023","160","103",0.252,0.199,0.05299999999999999,0.32,0.244,0.07600000000000001,0.27,0.219,0.05100000000000002
"Mejía, Francisco","642336","2023","160","115",0.227,0.201,0.025999999999999995,0.4,0.319,0.08100000000000002,0.28,0.242,0.038000000000000034
"Murphy, Tom","608596","2023","159","103",0.29,0.256,0.033999999999999975,0.538,0.501,0.03700000000000003,0.367,0.349,0.018000000000000016
"Adams, Riley","656180","2023","157","100",0.275,0.225,0.05000000000000002,0.479,0.361,0.118,0.347,0.283,0.064
"Odor, Rougned","596059","2023","157","101",0.203,0.238,-0.034999999999999976,0.355,0.39,-0.03500000000000003,0.291,0.319,-0.028000000000000025
"Amaya, Miguel","665804","2023","156","93",0.214,0.225,-0.01100000000000001,0.359,0.391,-0.03200000000000003,0.31,0.329,-0.019000000000000017
"Nola, Austin","543592","2023","154","103",0.146,0.199,-0.05300000000000002,0.192,0.264,-0.07200000000000001,0.22,0.264,-0.04400000000000001
"Cruz, Nelson","443558","2023","152","98",0.245,0.238,0.007000000000000006,0.399,0.422,-0.022999999999999965,0.291,0.297,-0.006000000000000005
"Dickerson, Corey","572816","2023","152","117",0.25,0.256,-0.006000000000000005,0.354,0.377,-0.02300000000000002,0.277,0.291,-0.013999999999999957
"Miranda, Jose F","669304","2023","152","118",0.211,0.239,-0.027999999999999997,0.303,0.344,-0.04099999999999998,0.252,0.281,-0.029000000000000026
"Toglia, Michael","669911","2023","152","91",0.163,0.202,-0.03900000000000001,0.284,0.321,-0.03700000000000003,0.225,0.258,-0.033
"Schoop, Jonathan","570731","2023","151","101",0.213,0.228,-0.015000000000000013,0.272,0.336,-0.064,0.249,0.279,-0.030000000000000027
"Kelly, Carson","608348","2023","151","97",0.206,0.185,0.02099999999999999,0.287,0.286,0.0010000000000000009,0.255,0.248,0.007000000000000006
"Valdez, Enmanuel","665839","2023","149","102",0.266,0.231,0.035,0.453,0.427,0.026000000000000023,0.328,0.304,0.02400000000000002
"Calhoun, Willie","641432","2023","149","115",0.239,0.258,-0.019000000000000017,0.403,0.382,0.02100000000000002,0.307,0.309,-0.0020000000000000018
"Barrero, José","676480","2023","149","90",0.218,0.218,0,0.323,0.325,-0.0020000000000000018,0.276,0.278,-0.0020000000000000018
"Mastrobuoni, Miles","670156","2023","149","104",0.241,0.253,-0.01200000000000001,0.301,0.35,-0.04899999999999999,0.275,0.299,-0.023999999999999966
"Gallagher, Cam","595956","2023","149","98",0.126,0.154,-0.027999999999999997,0.168,0.209,-0.04099999999999998,0.145,0.175,-0.03
"Clemens, Kody","665019","2023","148","99",0.23,0.223,0.007000000000000006,0.367,0.355,0.01200000000000001,0.281,0.274,0.007000000000000006
"McKinney, Billy","641856","2023","147","90",0.227,0.236,-0.00899999999999998,0.406,0.469,-0.06299999999999994,0.315,0.343,-0.028000000000000025
"Narváez, Omar","553882","2023","146","105",0.211,0.252,-0.04100000000000001,0.297,0.401,-0.10400000000000004,0.259,0.316,-0.056999999999999995
"Smith, Kevin","675656","2023","146","89",0.185,0.178,0.007000000000000006,0.326,0.334,-0.008000000000000007,0.236,0.236,0
"Wynns, Austin","642851","2023","145","95",0.208,0.183,0.024999999999999994,0.277,0.253,0.02400000000000002,0.245,0.227,0.017999999999999988
"Meadows, Parker","678009","2023","145","89",0.232,0.248,-0.015999999999999986,0.368,0.397,-0.029000000000000026,0.308,0.326,-0.018000000000000016
"Pollock, AJ","572041","2023","144","103",0.165,0.197,-0.032,0.308,0.356,-0.04799999999999999,0.227,0.265,-0.038000000000000006
"Schneider, Davis","676914","2023","141","73",0.276,0.208,0.06800000000000003,0.603,0.467,0.13599999999999995,0.424,0.355,0.069
"Myers, Wil","571976","2023","141","81",0.189,0.189,0,0.283,0.304,-0.02100000000000002,0.243,0.252,-0.009000000000000008
"Villar, David","681584","2023","140","80",0.145,0.206,-0.061,0.315,0.41,-0.09499999999999997,0.244,0.305,-0.061
"Zunino, Mike","572287","2023","140","63",0.177,0.156,0.02099999999999999,0.306,0.275,0.030999999999999972,0.261,0.242,0.019000000000000017
"McKenna, Ryan","663630","2023","139","87",0.254,0.223,0.031,0.361,0.336,0.024999999999999967,0.298,0.276,0.021999999999999964
"Batten, Matthew","676946","2023","139","91",0.258,0.209,0.049000000000000016,0.358,0.263,0.09499999999999997,0.321,0.27,0.05099999999999999
"Blanco, Dairon","680118","2023","138","93",0.258,0.237,0.02100000000000002,0.452,0.374,0.07800000000000001,0.333,0.302,0.031000000000000028
"Soderstrom, Tyler","691016","2023","138","83",0.16,0.212,-0.05199999999999999,0.24,0.333,-0.09300000000000003,0.216,0.274,-0.058000000000000024
"Winn, Masyn","691026","2023","137","101",0.172,0.215,-0.04300000000000001,0.238,0.289,-0.05099999999999999,0.211,0.252,-0.04100000000000001
"Ortega, Rafael","542364","2023","136","82",0.219,0.212,0.007000000000000006,0.272,0.276,-0.0040000000000000036,0.288,0.287,0.0010000000000000009
"Schanuel, Nolan","694384","2023","132","90",0.275,0.274,0.0010000000000000009,0.33,0.363,-0.032999999999999974,0.336,0.347,-0.010999999999999954
"Wisely, Brett","689172","2023","131","82",0.175,0.178,-0.0030000000000000027,0.267,0.297,-0.02999999999999997,0.222,0.24,-0.017999999999999988
"Butler, Lawrence","671732","2023","129","89",0.211,0.23,-0.019000000000000017,0.341,0.43,-0.08899999999999997,0.251,0.294,-0.04299999999999998
"Gonzales, Nick","693304","2023","128","82",0.209,0.2,0.00899999999999998,0.348,0.313,0.034999999999999976,0.268,0.257,0.01100000000000001
"Robles, Victor","645302","2023","126","93",0.299,0.263,0.035999999999999976,0.364,0.361,0.0030000000000000027,0.338,0.324,0.014000000000000012
"Stubbs, Garrett","596117","2023","125","85",0.204,0.16,0.043999999999999984,0.283,0.202,0.08099999999999996,0.252,0.207,0.04500000000000001
"Rivas III, Alfonso","663845","2023","123","75",0.229,0.216,0.013000000000000012,0.422,0.349,0.07300000000000001,0.313,0.284,0.029000000000000026
"Barnhart, Tucker","571466","2023","123","68",0.202,0.176,0.026000000000000023,0.257,0.225,0.032,0.25,0.232,0.017999999999999988
"Marte, Noelvi","682622","2023","123","89",0.316,0.291,0.025000000000000022,0.456,0.435,0.02100000000000002,0.357,0.341,0.01599999999999996
"Young, Jacob","696285","2023","121","88",0.252,0.23,0.021999999999999992,0.336,0.319,0.017000000000000015,0.294,0.28,0.013999999999999957
"Guillorme, Luis","641645","2023","120","82",0.224,0.194,0.03,0.327,0.268,0.059,0.269,0.24,0.029000000000000026
"Herrera, Jose","645444","2023","120","77",0.208,0.207,0.0010000000000000009,0.257,0.259,-0.0020000000000000018,0.256,0.26,-0.0040000000000000036
"Choi, Ji Man","596847","2023","117","71",0.163,0.231,-0.068,0.385,0.496,-0.11099999999999999,0.267,0.349,-0.08199999999999996
"García, Avisaíl","541645","2023","117","69",0.187,0.223,-0.036000000000000004,0.318,0.419,-0.10099999999999998,0.243,0.298,-0.05499999999999999
"Walsh, Jared","665120","2023","116","59",0.125,0.146,-0.02099999999999999,0.279,0.254,0.025000000000000022,0.222,0.224,-0.0020000000000000018
"Aguilar, Jesús","542583","2023","115","74",0.221,0.187,0.034,0.385,0.319,0.066,0.282,0.248,0.033999999999999975
"Harrison, Josh","543281","2023","114","85",0.204,0.224,-0.020000000000000018,0.291,0.325,-0.03400000000000003,0.248,0.278,-0.030000000000000027
"Bradley Jr., Jackie","598265","2023","113","77",0.133,0.182,-0.04899999999999999,0.21,0.324,-0.11400000000000002,0.18,0.245,-0.065
"Fry, David","681807","2023","113","71",0.238,0.233,0.004999999999999977,0.416,0.437,-0.02100000000000002,0.321,0.327,-0.006000000000000005
"Williams, Alika","675961","2023","112","67",0.198,0.197,0.0010000000000000009,0.248,0.264,-0.016000000000000014,0.238,0.245,-0.007000000000000006
"Chang, Yu","644374","2023","112","73",0.162,0.209,-0.046999999999999986,0.352,0.36,-0.008000000000000007,0.236,0.263,-0.027000000000000024
"Nevin, Tyler","663527","2023","111","71",0.2,0.214,-0.013999999999999985,0.316,0.372,-0.055999999999999994,0.282,0.308,-0.026000000000000023
"Haggerty, Sam","664059","2023","108","75",0.253,0.266,-0.013000000000000012,0.341,0.33,0.01100000000000001,0.321,0.325,-0.0040000000000000036
"Mauricio, Ronny","677595","2023","108","70",0.248,0.237,0.01100000000000001,0.347,0.366,-0.019000000000000017,0.284,0.286,-0.0020000000000000018
"Bride, Jonah","681146","2023","106","69",0.17,0.241,-0.07099999999999998,0.205,0.344,-0.13899999999999998,0.237,0.325,-0.08800000000000002
"Pinto, René","650907","2023","105","69",0.252,0.251,0.0010000000000000009,0.456,0.515,-0.059,0.306,0.327,-0.02100000000000002
"Singleton, Jon","572138","2023","105","69",0.165,0.216,-0.05099999999999999,0.264,0.379,-0.11499999999999999,0.244,0.304,-0.06
"Davis, Jonathan","641505","2023","104","65",0.244,0.247,-0.0030000000000000027,0.378,0.35,0.028000000000000025,0.298,0.293,0.0050000000000000044
"Pereira, Everson","677592","2023","103","53",0.151,0.213,-0.062,0.194,0.318,-0.124,0.202,0.274,-0.07200000000000001
"Aranda, Jonathan","666018","2023","103","57",0.23,0.191,0.03900000000000001,0.368,0.309,0.059,0.312,0.279,0.032999999999999974
"Azócar, José","640492","2023","102","72",0.231,0.256,-0.024999999999999994,0.363,0.392,-0.029000000000000026,0.28,0.305,-0.024999999999999967
"Fletcher, Dominic","666150","2023","102","73",0.301,0.223,0.07799999999999999,0.441,0.339,0.10199999999999998,0.34,0.267,0.07300000000000001
"Palacios, Richie","680700","2023","102","84",0.258,0.235,0.02300000000000002,0.516,0.417,0.09900000000000003,0.346,0.303,0.04299999999999998
"Marlowe, Cade","687799","2023","100","55",0.239,0.191,0.04799999999999999,0.42,0.325,0.09499999999999997,0.327,0.276,0.05099999999999999
"Hosmer, Eric","543333","2023","100","69",0.234,0.202,0.032,0.33,0.307,0.02300000000000002,0.269,0.243,0.026000000000000023
"Mervis, Matt","670223","2023","99","58",0.167,0.228,-0.061,0.289,0.433,-0.14400000000000002,0.239,0.317,-0.07800000000000001
"Baker, Luken","663609","2023","99","55",0.209,0.233,-0.02400000000000002,0.314,0.382,-0.068,0.285,0.318,-0.03300000000000003
"Fletcher, David","664058","2023","97","81",0.247,0.228,0.01899999999999999,0.326,0.281,0.044999999999999984,0.276,0.252,0.02400000000000002
"Chavis, Michael","656308","2023","97","58",0.239,0.232,0.0069999999999999785,0.337,0.299,0.038000000000000034,0.27,0.251,0.019000000000000017
"Gonzalez, Romy","663853","2023","97","59",0.194,0.207,-0.012999999999999984,0.376,0.389,-0.013000000000000012,0.244,0.269,-0.025000000000000022
"Casali, Curt","592200","2023","96","60",0.175,0.206,-0.031,0.2,0.296,-0.09599999999999997,0.239,0.283,-0.043999999999999984
"Bart, Joey","663698","2023","95","65",0.207,0.195,0.011999999999999983,0.264,0.298,-0.033999999999999975,0.239,0.252,-0.013000000000000012
"Pache, Cristian","665506","2023","95","58",0.238,0.239,-0.0010000000000000009,0.417,0.39,0.02699999999999997,0.32,0.313,0.007000000000000006
"Kieboom, Carter","666198","2023","94","60",0.207,0.195,0.011999999999999983,0.368,0.31,0.057999999999999996,0.277,0.252,0.025000000000000022
"Hensley, David","682073","2023","94","49",0.119,0.178,-0.059,0.167,0.276,-0.10900000000000001,0.184,0.248,-0.064
"Velazquez, Andrew","623205","2023","94","54",0.173,0.145,0.027999999999999997,0.284,0.234,0.04999999999999996,0.249,0.223,0.025999999999999995
"Basabe, Osleivis","678545","2023","94","62",0.218,0.206,0.01200000000000001,0.31,0.306,0.0040000000000000036,0.262,0.255,0.007000000000000006
"Gordon, Nick","624503","2023","93","81",0.176,0.246,-0.07,0.319,0.431,-0.11199999999999999,0.213,0.291,-0.07799999999999999
"Mead, Curtis","678554","2023","92","62",0.253,0.221,0.032,0.349,0.31,0.03899999999999998,0.302,0.275,0.02699999999999997
"Dozier, Hunter","641531","2023","91","54",0.183,0.183,0,0.305,0.283,0.02200000000000002,0.247,0.242,0.0050000000000000044
"Andujar, Miguel","609280","2023","90","71",0.25,0.257,-0.007000000000000006,0.476,0.426,0.04999999999999999,0.33,0.318,0.01200000000000001
"Alberto, Hanser","593643","2023","90","72",0.22,0.237,-0.016999999999999987,0.39,0.354,0.03600000000000003,0.279,0.276,0.0030000000000000027
"Luplow, Jordan","656669","2023","90","50",0.208,0.194,0.013999999999999985,0.325,0.294,0.031000000000000028,0.29,0.277,0.012999999999999956
"Rafaela, Ceddanne","678882","2023","89","56",0.241,0.197,0.043999999999999984,0.386,0.302,0.08400000000000002,0.287,0.242,0.044999999999999984
"Capel, Conner","668843","2023","86","48",0.26,0.237,0.02300000000000002,0.329,0.298,0.031000000000000028,0.322,0.304,0.018000000000000016
"Sullivan, Brett","664954","2023","86","63",0.21,0.229,-0.019000000000000017,0.284,0.306,-0.02200000000000002,0.232,0.251,-0.01899999999999999
"Ramos, Henry","592656","2023","86","53",0.243,0.227,0.015999999999999986,0.311,0.317,-0.006000000000000005,0.303,0.3,0.0030000000000000027
"Rocchio, Brayan","677587","2023","86","55",0.247,0.181,0.066,0.321,0.242,0.07900000000000001,0.263,0.207,0.05600000000000002
"Dixon, Brandon","641525","2023","86","50",0.203,0.181,0.02200000000000002,0.329,0.299,0.030000000000000027,0.249,0.236,0.013000000000000012
"Abreu, Wilyer","677800","2023","85","53",0.316,0.263,0.05299999999999999,0.474,0.483,-0.009000000000000008,0.375,0.356,0.019000000000000017
"Bruján, Vidal","660644","2023","84","56",0.171,0.166,0.0050000000000000044,0.197,0.213,-0.015999999999999986,0.206,0.211,-0.0050000000000000044
"Edwards, Xavier","669364","2023","84","66",0.295,0.248,0.046999999999999986,0.333,0.316,0.017000000000000015,0.295,0.269,0.025999999999999968
"Marisnick, Jake","545350","2023","83","57",0.237,0.221,0.015999999999999986,0.408,0.367,0.04099999999999998,0.294,0.275,0.01899999999999996
"Motter, Taylor","600301","2023","82","45",0.171,0.185,-0.013999999999999985,0.211,0.275,-0.06400000000000003,0.204,0.235,-0.031
"Busch, Michael","683737","2023","81","46",0.167,0.18,-0.012999999999999984,0.292,0.352,-0.06,0.241,0.268,-0.027000000000000024
"Grissom, Vaughn","687093","2023","80","61",0.28,0.268,0.01200000000000001,0.347,0.379,-0.03200000000000003,0.289,0.299,-0.010000000000000009
"Daza, Yonathan","602074","2023","80","63",0.27,0.227,0.04300000000000001,0.351,0.315,0.035999999999999976,0.286,0.254,0.03199999999999997
"Rortvedt, Ben","666163","2023","79","49",0.118,0.177,-0.059,0.221,0.282,-0.06099999999999997,0.219,0.265,-0.04600000000000001
"Martini, Nick","605361","2023","79","57",0.264,0.25,0.014000000000000012,0.583,0.514,0.06899999999999995,0.382,0.353,0.029000000000000026
"Brosseau, Mike","670712","2023","78","53",0.205,0.194,0.010999999999999982,0.397,0.345,0.052000000000000046,0.281,0.259,0.02200000000000002
"Hilliard, Sam","656541","2023","78","39",0.236,0.202,0.033999999999999975,0.431,0.366,0.065,0.312,0.274,0.03799999999999998
"Goodman, Hunter","696100","2023","77","48",0.2,0.203,-0.0030000000000000027,0.386,0.363,0.02300000000000002,0.266,0.264,0.0020000000000000018
"Cowser, Colton","681297","2023","77","40",0.115,0.204,-0.08899999999999998,0.148,0.283,-0.13499999999999998,0.226,0.298,-0.07199999999999998
"Frazier, Clint","640449","2023","76","43",0.197,0.192,0.0050000000000000044,0.242,0.253,-0.01100000000000001,0.256,0.259,-0.0030000000000000027
"Wells, Austin","669224","2023","75","57",0.229,0.273,-0.04400000000000001,0.486,0.578,-0.09199999999999997,0.309,0.366,-0.056999999999999995
"Carter, Evan","694497","2023","75","39",0.306,0.236,0.07,0.645,0.392,0.253,0.435,0.333,0.10199999999999998
"Voit, Luke","572228","2023","74","41",0.221,0.225,-0.0040000000000000036,0.265,0.348,-0.08299999999999996,0.251,0.282,-0.030999999999999972
"Mitchell, Garrett","669003","2023","73","40",0.246,0.222,0.023999999999999994,0.446,0.359,0.08700000000000002,0.326,0.29,0.03600000000000003
"Beaty, Matt","607461","2023","72","47",0.23,0.198,0.032,0.295,0.252,0.04299999999999998,0.3,0.269,0.030999999999999972
"Mathias, Mark","664029","2023","72","47",0.226,0.229,-0.0030000000000000027,0.258,0.281,-0.02300000000000002,0.278,0.29,-0.011999999999999955
"Cordero, Franchy","614173","2023","71","44",0.188,0.209,-0.02099999999999999,0.478,0.43,0.04799999999999999,0.286,0.28,0.00599999999999995
"Stefanic, Michael","683021","2023","71","54",0.29,0.245,0.044999999999999984,0.355,0.315,0.03999999999999998,0.332,0.3,0.03200000000000003
"Phillips, Brett","621433","2023","71","27",0.175,0.148,0.026999999999999996,0.333,0.274,0.059,0.268,0.236,0.03200000000000003
"Florial, Estevan","664314","2023","71","42",0.23,0.236,-0.005999999999999978,0.311,0.34,-0.029000000000000026,0.288,0.303,-0.015000000000000013
"Lee, Korey","686676","2023","70","45",0.077,0.187,-0.11,0.138,0.278,-0.14,0.134,0.236,-0.10199999999999998
"Myers, Dane","667472","2023","70","49",0.269,0.292,-0.022999999999999965,0.358,0.399,-0.041000000000000036,0.278,0.306,-0.02799999999999997
"Mendick, Danny","664901","2023","69","50",0.185,0.206,-0.02099999999999999,0.277,0.305,-0.02799999999999997,0.226,0.245,-0.01899999999999999
"Taylor, Samad","669392","2023","69","40",0.2,0.191,0.009000000000000008,0.267,0.35,-0.08299999999999996,0.248,0.273,-0.025000000000000022
"Loftin, Nick","679845","2023","68","51",0.323,0.252,0.07100000000000001,0.435,0.367,0.068,0.348,0.309,0.03899999999999998
"Locastro, Tim","641796","2023","67","36",0.232,0.22,0.01200000000000001,0.393,0.374,0.019000000000000017,0.327,0.317,0.010000000000000009
"Miller, Brad","543543","2023","67","46",0.214,0.222,-0.008000000000000007,0.339,0.366,-0.02699999999999997,0.3,0.315,-0.015000000000000013
"Araúz, Jonathan","660620","2023","66","43",0.136,0.184,-0.04799999999999999,0.288,0.291,-0.0030000000000000027,0.217,0.243,-0.025999999999999995
"Reyes, Franmil","614177","2023","65","37",0.186,0.177,0.009000000000000008,0.288,0.349,-0.061,0.227,0.266,-0.03900000000000001
"Yepez, Juan","660766","2023","65","40",0.183,0.241,-0.057999999999999996,0.3,0.373,-0.07300000000000001,0.243,0.298,-0.05499999999999999
"Vosler, Jason","613564","2023","65","37",0.161,0.148,0.013000000000000012,0.371,0.299,0.07200000000000001,0.241,0.212,0.028999999999999998
"Meckler, Wade","685133","2023","64","31",0.232,0.212,0.020000000000000018,0.25,0.261,-0.01100000000000001,0.273,0.268,0.0050000000000000044
"Adell, Jo","666176","2023","62","33",0.207,0.163,0.043999999999999984,0.448,0.33,0.118,0.299,0.238,0.061
"Nido, Tomás","621512","2023","61","41",0.125,0.156,-0.031,0.125,0.2,-0.07500000000000001,0.128,0.17,-0.04200000000000001
"Fermín, José","665877","2023","61","45",0.235,0.275,-0.040000000000000036,0.255,0.34,-0.08500000000000002,0.281,0.325,-0.043999999999999984
"Ramos, Heliot","671218","2023","60","36",0.179,0.187,-0.008000000000000007,0.304,0.348,-0.043999999999999984,0.236,0.259,-0.02300000000000002
"Thompson, Bubba","669352","2023","60","39",0.17,0.173,-0.002999999999999975,0.283,0.256,0.02699999999999997,0.23,0.228,0.0020000000000000018
"Ruf, Darin","573131","2023","57","33",0.224,0.254,-0.03,0.286,0.448,-0.16200000000000003,0.287,0.352,-0.065
"Brantley, Michael","488726","2023","57","53",0.278,0.277,0.0010000000000000009,0.426,0.362,0.064,0.309,0.288,0.02100000000000002
"Vavra, Terrin","679631","2023","56","39",0.245,0.257,-0.01200000000000001,0.245,0.376,-0.131,0.261,0.312,-0.05099999999999999
"Hall, Darick","669742","2023","56","36",0.167,0.213,-0.045999999999999985,0.241,0.295,-0.05399999999999999,0.193,0.236,-0.04299999999999998
"Eaton, Nate","681987","2023","56","32",0.075,0.175,-0.09999999999999999,0.075,0.214,-0.139,0.101,0.199,-0.098
"Cabbage, Trey","663550","2023","56","28",0.208,0.141,0.067,0.321,0.246,0.07500000000000001,0.238,0.183,0.05499999999999999
"Wade, Tyler","642180","2023","55","38",0.255,0.215,0.04000000000000001,0.314,0.277,0.03699999999999998,0.278,0.242,0.03600000000000003
"Lewis, Kyle","641786","2023","54","30",0.157,0.179,-0.021999999999999992,0.255,0.264,-0.009000000000000008,0.204,0.217,-0.013000000000000012
"Lamb, Jake","571875","2023","54","36",0.216,0.225,-0.009000000000000008,0.353,0.371,-0.018000000000000016,0.267,0.278,-0.01100000000000001
"Pérez, Carlos","656024","2023","53","38",0.204,0.196,0.00799999999999998,0.347,0.304,0.04299999999999998,0.267,0.251,0.016000000000000014
"Alfaro, Jorge","595751","2023","52","33",0.146,0.203,-0.05700000000000002,0.292,0.333,-0.041000000000000036,0.223,0.266,-0.04300000000000001
"Clement, Ernie","676391","2023","52","47",0.38,0.322,0.057999999999999996,0.5,0.432,0.068,0.378,0.328,0.04999999999999999
"Hill, Derek","656537","2023","50","36",0.17,0.195,-0.024999999999999994,0.191,0.241,-0.04999999999999999,0.19,0.222,-0.032
"Johnson, Bryce","669369","2023","48","29",0.163,0.178,-0.014999999999999986,0.256,0.273,-0.017000000000000015,0.218,0.233,-0.015000000000000013
"Young, Jared","676724","2023","47","30",0.186,0.183,0.0030000000000000027,0.465,0.371,0.09400000000000003,0.302,0.273,0.02899999999999997
"Heineman, Tyler","623168","2023","47","30",0.237,0.246,-0.009000000000000008,0.316,0.305,0.01100000000000001,0.325,0.328,-0.0030000000000000027
"Huff, Sam","669087","2023","46","26",0.25,0.222,0.027999999999999997,0.5,0.489,0.01100000000000001,0.33,0.313,0.017000000000000015
"Thomas, Cody","642137","2023","46","25",0.238,0.152,0.086,0.381,0.216,0.165,0.3,0.205,0.095
"DeLuca, Jonny","676356","2023","45","34",0.262,0.216,0.04600000000000001,0.429,0.351,0.07800000000000001,0.32,0.272,0.04799999999999999
"Kessinger, Grae","666197","2023","45","28",0.2,0.189,0.01100000000000001,0.325,0.387,-0.062,0.275,0.292,-0.01699999999999996
"Herrera, Iván","671056","2023","44","26",0.297,0.261,0.035999999999999976,0.351,0.377,-0.026000000000000023,0.349,0.342,0.006999999999999951
"Horwitz, Spencer","687462","2023","44","27",0.256,0.215,0.04100000000000001,0.385,0.347,0.038000000000000034,0.322,0.293,0.029000000000000026
"Martínez, J.P.","679881","2023","44","26",0.225,0.176,0.049000000000000016,0.325,0.291,0.03400000000000003,0.246,0.225,0.02099999999999999
"Bouchard, Sean","656248","2023","43","25",0.316,0.239,0.07700000000000001,0.684,0.535,0.14900000000000002,0.432,0.374,0.057999999999999996
"Montes, Coco","663796","2023","41","26",0.184,0.144,0.04000000000000001,0.316,0.237,0.07900000000000001,0.247,0.202,0.044999999999999984
"Cruz, Oneil","665833","2023","40","25",0.25,0.204,0.04600000000000001,0.375,0.363,0.01200000000000001,0.335,0.317,0.018000000000000016
"Stevenson, Andrew","664057","2023","40","29",0.189,0.166,0.022999999999999993,0.216,0.204,0.01200000000000001,0.216,0.204,0.01200000000000001
"Haseley, Adam","656514","2023","39","28",0.222,0.249,-0.026999999999999996,0.278,0.356,-0.07799999999999996,0.253,0.295,-0.04199999999999998
"Lipcius, Andre","686531","2023","38","27",0.286,0.247,0.03899999999999998,0.4,0.381,0.019000000000000017,0.326,0.304,0.02200000000000002
"Blankenhorn, Travis","663905","2023","37","25",0.161,0.225,-0.064,0.258,0.37,-0.11199999999999999,0.262,0.326,-0.064
"Caminero, Junior","691406","2023","36","26",0.235,0.202,0.032999999999999974,0.353,0.344,0.009000000000000008,0.276,0.259,0.017000000000000015
"Rutherford, Blake","666164","2023","36","25",0.171,0.16,0.01100000000000001,0.171,0.193,-0.021999999999999992,0.166,0.171,-0.0050000000000000044
"Ortiz, Joey","687401","2023","34","25",0.212,0.246,-0.034,0.242,0.338,-0.09600000000000003,0.192,0.249,-0.056999999999999995
"Mercado, Óscar","640458","2023","32","27",0.29,0.271,0.01899999999999996,0.387,0.325,0.062,0.304,0.274,0.02999999999999997